﻿{
	"BTN_START": "শুরু",
	"BTN_PAUSE": "বিরতি",
	"BTN_RESET": "পুনঃস্থাপন",
	"BTN_CONTINUE": "চালিয়ে যান",
	"BTN_SAVE": "সংরক্ষণ করুন",
	"BTN_DELETE": "মুছে ফেলুন",
	"BTN_CANCEL": "বাতিল করুন ",
	"L_CONFIRM_DELETE_ACTIVITY": "সত্যিই নির্বাচিত কার্যকলাপ মুছে ফেলতে চান?",
	"L_KMH": "কিঃ মিঃ / ঘন্টা",
	"L_MIH": "মাইল / ঘন্টা",
	"L_M": "মিটার",
	"L_METERS": "মিটার",
	"L_KM": "কিমি",
	"L_KILOMETERS": "কিলোমিটার",
	"L_MI" : "মাইল",
	"L_YD" : "গজ",
	"L_MILES" : "মাইল",
	"L_YARDS" : "গজ",
	"L_MIN_KM" : "মিনিট/ কিলোমিটার",
	"L_MIN_MI" : "মিনিট/ মাইল",
	"SETTINGS_TITLE" : "স্থাপন",
	"AUDIO_CUES_TITLE" : "শব্দের সূত্র",
	"AUDIO_CUES_DETAIL" : "নির্দিষ্ট দূরত্বে পৌঁছে অডিও চালান । ইন্টারনেট সংযোগ (অতিরিক্ত চার্জ প্রযোজ্য হতে পারে) প্রয়োজন।",
	"AUDIO_CUES_NEVER" : "কখনো না",
	"AUDIO_CUES_100M" : "প্রতি ১০০ মিটার/গজ",
	"AUDIO_CUES_1KM" : "প্রতি ১ কিমি/মাইল",
	"AUDIO_CUES_5KM" : "প্রতি ৫ কিমি/মাইল",
	"AUDIO_CUES_10KM" : "প্রতি ১০ কিমি/মাইল",
	"LANG_TITLE" : "ভাষা",
	"LANG_DETAIL" : "ইন্টারফেসের ভাষা পরিবর্তন করুন",
	"LANG_EN" : "ইংরেজি",
	"LANG_DE" : "জার্মান",
	"LANG_GR" : "গ্রীক",
	"LANG_HU" : "হাঙ্গেরীয়ান",
	"LANG_PL" : "পোলিশ",
	"LANG_PT" : "পর্তুগীজ",
	"LANG_RU" : "রাশিয়ান",
	"LANG_UK" : "ইউক্রেনিয়ান",
    "LANG_BN" : "বাংলা",
    "LANG_ES" : "স্প্যানিশ",
	"MENU_HOME": "প্রধান",
	"MENU_ACTIVITIES": "কম©কান্ড",
	"MENU_PROFILE": "প্রোফাইল",
	"MENU_MUSIC": "সঙ্গীত",
	"MENU_SETTINGS": "স্থাপন",
	"DATA_NO_ACTIVITIES": "আপনি এখনো কম©কান্ড সংরক্ষণ করেন নি ",
	"DATA_TITLE": "কম©কান্ড",
	"MUSIC_NOT_SUPPORTED": "এই যন্ত্র সঙ্গীত বিষায়টিকে সমর্থন করে না.",
	"DEMO_MODE" :  "পরীক্ষামূলক রুপ",
	"DEMO_MODE_DETAIL": "কার্যকলাপ অনুকরণ করুন",
	"L_NO" : "না",
	"L_YES" : "হ্যাঁ",
	"L_SEARCHING_LOCATION" : "GPS ব্যবহার করে আপনার বর্তমান অবস্থান নির্ধারণ...",
	"L_LOCATION_ERROR" : "অবস্থান নির্ধারণ করা সম্ভব নয়। দয়া করে নিশ্চিত হোন যে আপনার যন্ত্রে জি পি এস সেবা টি সচল কি না?",
	"L_RETRY" : "আবার চেষ্টা করুন",
	"L_PROFILE_TITLE" : "প্রোফাইল",
	"L_PROFILE_NOT_CONNECTED" : "কোন অ্যাকাউন্ট নেই?",
	"L_CONNECT" : "যুক্ত করুন",
	"L_DISCONNECT" : "এই অ্যাকাউন্ট বিচ্ছিন্ন করুণ ।",
	"L_SYNC" : "সার্ভার এর সাথে কায©ক্রম মিলিয়ে চলুন।",
	"RESET" : "পুনঃস্থাপন ।",
	"RESET_DETAIL": "অকায©কর মানের জন্য পুনস্থাপন করুন ।",
	"L_UNITS_TITLE": "একক ।",
	"L_UNITS_DETAILS": "মেট্রিক একক (কিমি) বা মার্কিন একক (মাইল) থেকে বেছে নিন",
	"L_UNITS_METRIC": "মেট্রিক পদ্ধতি ।",
	"L_UNITS_US": "মার্কিন ।",
	"L_SPEED_MODE": "প্রদর্শিত রুপের গতি বাড়ান ।",
	"L_SPEED_MODE_DETAILS": "গতি (মিনিট/ কিমি, মিনিট/ মাইল) বা বেগ (কিমি/ ঘন্টা, মাইল/ ঘন্টা) থেকে বেছে নিন ।",
	"L_SPEED": "বেগ ।",
	"L_PACE": "গতি ।",
	"L_DOWNLOAD_CONTENT" : "অতিরিক্ত উপাদান ডাইনলোড করুন",
	"L_DOWNLOAD_CONTENT_DETAILS" : "স্বয়ংক্রিয়ভাবে (প্লেলিস্টের মত) কন্টেন্ট ডাউনলোড করুন. ইন্টারনেট সংযোগ (অতিরিক্ত চার্জ প্রযোজ্য হতে পারে) প্রয়োজন.",
	"L_EMAIL": "ই মেইল",
	"L_PASSWORD": "পাসওয়াড©",
	"L_CREATE_PROFILE": "প্রোফাইল তৈরী করুণ ।",
	"L_FACEBOOK_CONNECT" : "ফেসবুকের সাথে যুক্ত হোন",
	"L_FORGOT_PASSWORD" : "পাসওয়ার্ড ভুলে গেছেন?",
	"L_LOGIN_ERROR" : "ইমেল ঠিকানা ও পাসওয়ার্ডের সমন্বয় পাওয়া যায়নি. আপনার ইনপুট পরীক্ষা করে আবার চেষ্টা করুন.",
	"L_CONFIRM_PASSWORD" : "পাসওয়ার্ড নিশ্চিতকরণ",
	"L_NAME" : "আপনার নাম",
	"L_SIGNUP_ERROR" : "নিবন্ধীকরণের সময় একটি ত্রুটি ঘটেছেю",
	"L_SEND_PASSWORD" : "পাসওয়ার্ড পাঠান",
	"L_PASSWORD_SENT" : "পাসওয়ার্ড সফলভাবে নির্দিষ্ট ইমেইল ঠিকানায় পাঠানো হয়েছে. আপনার ইনবক্স চেক করুন, কখনও কখনও বার্তা অপ্রত্যাশিতভাবে স্প্যাম ফোল্ডারে যেতে পারে।",
	"L_PASSWORD_ERROR" : "পাসওয়ার্ড পাঠানোর সময় একটি ত্রুটি ঘটেছে। ",
	"L_INVALID_TICKET": "ফায়ারফক্স মার্কেটপ্লেস বৈধতা ব্যর্থ হয়েছে. প্রোগ্রাম এখনই বন্ধ হয়ে যাবে। . মার্কেটপ্লেস থেকে প্রোগ্রাম পুনরায় ইনস্টল করার চেষ্টা করুন.",
	"L_NEWS": "খবর ।",
	"L_NEWS_KEYWORD": "খেলাধুলা ।",
	"L_NEWS_BACK" : "নিউজ লিষ্টে ফেরা ।",
	"L_NEWS_ARTICLE" : "নিবন্ধটি পড়ুন ।",
	"GPS_ACCURACY" : "নুন্যতম জি পি এস যথাথ©তা ।",
	"GPS_ACCURACY_DETAIL" : "নুন্যতম অনুমোদিত জি পি এস যথাথ©তা ।",
	"GPS_150M" : "১৫০ মিটার/গজ",
	"GPS_500M" : "৫০০ মিটার/গজ",
	"GPS_1000M" : "১ কি.মি /মাইল",
	"GPS_UM" : "সীমাবদ্ধ নয় ।"
}