{

    "BTN_START": "Start",
    "BTN_PAUSE": "Pause",
    "BTN_RESET": "Reset",
    "BTN_CONTINUE": "Fortsetzen",
    "BTN_SAVE": "Speichern",
    "BTN_DELETE": "Löschen",
    "BTN_CANCEL": "Abbrechen",
    "BTN_FINISH": "Beenden",
    "BTN_EDIT": "Bearbeiten",
    "L_CONFIRM_DELETE_ACTIVITY": "Möchtest du diese Aktivität wirklich löschen?",
    "L_KMH": "km/h",
    "L_MIH": "mi/h",
    "L_M": "m.",
    "L_METERS": "Meter",
    "L_KM": "km.",
    "L_KILOMETERS": "Kilometer",
    "L_MI": "mi.",
    "L_YD": "yds.",
    "L_MILES": "meilen",
    "L_YARDS": "yards",
    "L_MIN_KM": "min/km",
    "L_MIN_MI": "min/mi",
    "L_KG": "kg.",
    "L_INCHES": "Zoll",
    "L_POUNDS": "Pfund",
    "L_SLEEP_EFFICIENCY": "% Schlaf Effizienz",
    "L_RUNNING_STEPS": "Renn-schritte",
    "L_STEPS": "Schritte",
    "L_CALORIES_BURNT": "verbrannte kcal",
    "L_CALORIES": "kcal",
    "L_DISTANCE": "Distanz",
    "L_TODAY": "Heute",
    "L_YESTERDAY": "Gestern",
    "L_WEATHER": "Wetter",
    "L_SHARE": "Teilen",
    "SETTINGS_TITLE": "Einstellungen",
    "AUDIO_CUES_TITLE": "Sprachhinweise",
    "AUDIO_CUES_DETAIL": "Sprachhinweise für Entfernungen abspielen. Datenverbindung notwendig. (Kosten für Datenverbindung können entstehen) ",
    "AUDIO_CUES_NEVER": "Nie",
    "AUDIO_CUES_100M": "Jede 100 m. / yd.",
    "AUDIO_CUES_1KM": "Jeden 1 km. / mi.",
    "AUDIO_CUES_5KM": "Alle 5 km. / mi.",
    "AUDIO_CUES_10KM": "Alle 10 km. / mi.",
    "AUDIO_CUES_ACTIVITY_STARTED": "Aktivität gestartet",
    "AUDIO_CUES_ACTIVITY_PAUSED": "Aktivität angehalten",
    "AUDIO_CUES_ACTIVITY_FINISHED": "Aktivität beendet",
    "AUDIO_CUES_ACTIVITY_RESET": "Aktivität zurückstellen",
    "LANG_TITLE": "Sprache",
    "LANG_DETAIL": "Sprache ändern",
    "LANG_EN": "English",
    "LANG_DE": "Deutsch",
    "LANG_GR": "Griechisch",
    "LANG_HU": "Ungarisch",
    "LANG_PL": "Polish",
    "LANG_PT": "Portugiesisch",
    "LANG_RU": "Russisch",
    "LANG_UK": "Ukrainisch",
    "LANG_BN": "Bengali",
    "LANG_ES": "Spanisch",
    "LANG_IN": "Hindi",
    "MENU_HOME": "Home",
    "MENU_ACTIVITIES": "Aktivitäten",
    "MENU_PROFILE": "Profil",
    "MENU_MUSIC": "Musik",
    "MENU_SETTINGS": "Einstellungen",
    "MENU_NEWS": "News",
    "MENU_BIODATA": "Meine Biodaten",
    "MENU_EVENTS": "Veranstaltungen",
    "DATA_NO_ACTIVITIES": "Du hast noch keine Aktivitäten gespeichert",
    "DATA_TITLE": "Aktivitäten",
    "MUSIC_NOT_SUPPORTED": "Dieses Gerät unterstützt die Musik Funktion nicht.",
    "DEMO_MODE": "Demo Modus",
    "DEMO_MODE_DETAIL": "Startet Aktivität Simulation",
    "DEBUG_MODE": "Debugging Modus",
    "DEBUG_MODE_DETAIL": "Logging und debugging aktivieren",
    "USE_LOCATION_POLL": "Ortungsfunktion nutzen",
    "USE_LOCATION_POLL_DETAIL": "Ortungsfunktion in regelmässigen Abständen nutzen anstatt der eingebauten location-change Funktion",
    "L_NO": "Nein",
    "L_YES": "Ja",
    "L_SEARCHING_LOCATION": "Bestimme derzeitigen Ort per GPS...",
    "L_LOCATION_ERROR": "Aufenthaltsort könnte nicht ermittelt werden. Bitte sicherstellen, dass GPS eingeschaltet ist.",
    "L_RETRY": "Wiederholen",
    "L_PROFILE_TITLE": "Profil",
    "L_PROFILE_NOT_CONNECTED": "Nicht angemeldet?",
    "L_CONNECT": "Verbinden",
    "L_DISCONNECT": "Trennen",
    "L_SYNC": "Syncen",
    "RESET": "Zurückstellen",
    "RESET_DETAIL": "Zurückstellen in Auslieferungszustand",
    "L_UNITS_TITLE": "Einheiten",
    "L_UNITS_DETAILS": "Deine Wahl zwischen km oder Meilen",
    "L_UNITS_METRIC": "Metrisch",
    "L_UNITS_US": "US",
    "L_SPEED_MODE": "Geschwindigkeitsanzeige",
    "L_SPEED_MODE_DETAILS": "Deine Wahl zwischen (km/h, mi/h) oder Tempo (min/km, min/mi)",
    "L_SPEED": "Geschwindigkeit nach km/h & mi/h",
    "L_PACE": "Tempo nach min/km & min/mi",
    "L_DOWNLOAD_CONTENT": "Runterladen weiterer Inhalte",
    "L_DOWNLOAD_CONTENT_DETAILS": "Inhalte runterlasen (z.B. Musik-Wiedergabelisten) automatisch. Datenverbindung notwendig (Kosten für Datenverbindung können entstehen).",
    "L_EMAIL": "Email",
    "L_PASSWORD": "Passwort",
    "L_CREATE_PROFILE": "Profil erstellen",
    "L_FACEBOOK_CONNECT": "Mit Facebook verbinden",
    "L_FORGOT_PASSWORD": "Passwort vergessen?",
    "L_LOGIN_ERROR": " Email Adresse und/oder Passwort inkorrekt. Bitte erneut versuchen",
    "L_CONFIRM_PASSWORD": "Passwort bestätigen",
    "L_NAME": "Dein Name",
    "L_SIGNUP_ERROR": "Während der Registrierung ist ein Fehler aufgetreten:",
    "L_SEND_PASSWORD": "Passwort zusenden",
    "L_PASSWORD_SENT": "Das Passwort wurde erfolgreich an deine Email Adresse übermittelt. Bitte überprüfe deinen Posteingang. Es kann manchmal vorkommen, dass die Email im Spam Order landet. ",
    "L_PASSWORD_ERROR": "Ein Fehler ist während der Übermittlung des Passwortes aufgetreten.",
    "L_INVALID_TICKET": "FirefoxOS Marketplace Quittierung gescheitert. Die Applikation wird jetzt beendet. Bitte versuche die App erneut über das Marketplace zu installieren.",
    "L_NEWS": "Nachrichten",
    "L_NEWS_KEYWORD": "sports",
    "L_NEWS_BACK": "Zurück zur News-Liste",
    "L_NEWS_ARTICLE": "Lesen Sie den Artikel",
    "GPS_ACCURACY": "Minimale GPS Genauigkeit",
    "GPS_ACCURACY_DETAIL": "Minimal erlaubte GPS Genauigkeit.",
    "GPS_20M": "20 m / yd",
    "GPS_50M": "50 m / yd",
    "GPS_150M": "150 m / yd",
    "GPS_500M": "500 m / yd",
    "GPS_1000M": "1 km / mi",
    "GPS_UM": "Unlimitiert",
    "L_SPEED_TITLE": "Geschwindigkeit",
    "L_DISTANCE_TITLE": "Distanz",
    "L_TIME_TITLE": "Zeit",
    "T_NEWS": "Nachrichten",
    "L_NEWS_ORIGINAL": "Das Original lesen",
    "L_LOADING": "Lade…",
    "L_TOTAL_DISTANCE": "Gesamtdistanz",
    "L_RUNS": "Aktivitäten",
    "L_AVERAGE_PACE": "Durchschnittstempo",
    "L_BIO_PROFILE_TITLE": "Biodaten",
    "L_BIO_PROFILE_EDIT": "Biodaten bearbeiten",
    "L_BIO_GENDER": "Geschlecht",
    "L_BIO_GENDER_DETAIL": "Dein Geschlecht (um die verbrannten kcal genauer zu berechnen)",
    "L_BIO_GENDER_MALE": "Männlich",
    "L_BIO_GENDER_FEMALE": "Weiblich",
    "L_BIO_AGE": "Alter",
    "L_BIO_AGE_DETAIL": "Dein aktuelles Alter (volle Jahre)",
    "L_BIO_HEIGHT": "Grösse",
    "L_BIO_HEIGHT_DETAIL": "Deine Grösse in cm oder inches",
    "L_BIO_WEIGHT": "Gewicht",
    "L_BIO_WEIGHT_DETAIL": "Dein Gewicht in kg oder Pfund",
    "L_BIO_STRIDE": "Schrittlänge (optional)",
    "L_BIO_STRIDE_DETAIL": "Deine Schrittlänge in cm oder inches",
    "L_NO_RUNS": "Du hast keine gespeicherten Aktivitäten.",
    "L_START_RUNNING": "Los geht's!",
    "L_NO_BIO_PROFILE": "Du hast dein Bioprofil noch nicht erstellt. Am besten jetzt vervollständigen.",
    "L_FILL_BIO_PROFILE": "Bitte dein Bioprofil ausfüllen.",
    "L_BASIC_RUN": "Einfacher Lauf",
    "L_RUNNING": "Laufen",
    "L_WALKING": "Gehen",
    "L_HIKING": "Wandern",
    "L_BIKING": "Radfahren",
    "L_ROLLER": "Rollerbladen",
    "L_SKIING": "Skifoan",
    "L_NO_GOAL_SET": "Derzeit hast du kein tägliches Ziel.",
    "L_SET_GOAL": "Ziel setzen",
    "L_REMOVE_GOAL": "Ziel löschen",
    "L_UPDATE_GOAL": "Ziel updaten",
    "GOAL_TYPE_TITLE": "Tägliches Ziel",
    "GOAL_TYPE_DETAIL": "Zielkategorie: Distanz, Dauer, Menge der verbrannten Kalorien oder Schritte",
    "GOAL_TYPE_DISTANCE": "Distanz",
    "GOAL_TYPE_DURATION": "Dauer",
    "GOAL_TYPE_CALORIES": "Kalorien",
    "GOAL_TYPE_STEPS": "Schritte",
    "GOAL_DISTANCE": "Distanz",
    "GOAL_DISTANCE_DETAIL": "Distanz in km oder mi, die du täglich zurücklegen möchtest.",
    "GOAL_STEPS": "Schritte",
    "GOAL_STEPS_DETAIL": "Anzahl der Schritte, die du täglich zurücklegen möchtest",
    "GOAL_DURATION": "Dauer",
    "GOAL_DURATION_DETAIL": "Dauer in Minuten an denen du täglich aktiv sein möchtest",
    "GOAL_CALORIES": "Kalorien",
    "GOAL_CALORIES_DETAIL": "Anzahl der Kalorien, die du täglich verbrennen möchtest",
    "L_FIRERUNNER_SINCE": "FireRunner seit {{ reg }}",
    "L_SINCE": "Seit {{ reg }}",
    "L_TRACKED": "Gespeichtert",
    "L_PERSONAL_RECORDS": "Persönliche Rekorde",
    "L_LONGEST_RUN": "Weitest Distanz",
    "L_FASTEST_RUN": "Bestes Tempo",
    "L_FASTEST_5KM": "Schnellste 5km",
    "L_FASTEST_5MI": "Schnellste 5 milen",
    "L_FASTEST_10KM": "Schnellste 10km",
    "L_FASTEST_10MI": "Schnellste 10 meilen",
    "L_ADVANCED_SETTINGS": "Erweiterte Einstellungen",
    "L_SIGNUP_FACEBOOK": "Mit Facebook anmelden",
    "L_SIGNUP_EMAIL": "Per e-mail registrieren",
    "L_STEPS_TRACKER_SETUP": "Schrittezähler Setup",
    "L_STEPS_TRACKER_OPTIONS": "Möchtest du dein Phone oder oder <br /> einen Tracker nuzten, um deine Schritte zu zählen?",
    "L_STEPS_TRACKER_USE_PHONE": "Phone nuzten",
    "L_STEPS_TRACKER_USE_EXTERNAL": "Tracker nutzen",
    "L_SKIP": "Überspringen",
    "L_NEXT": "Weiter",
    "L_DONE_HEADER": "Fertig!",
    "L_GET_READY": "Los geht's",
    "L_DONE": "Fertig",
    "L_BACK": "Zurück",
    "L_SEND": "Senden",
    "L_LOGIN": "Anmelden",
    "L_NEW_USER": "Neuer Nutze",
    "LAUNCH_TRACK": "Überwache deine Aktivitäten + deinen <br /> Schlaf, um gesünder zu leben.",
    "LAUNCH_CAPTURE": "Sammle alle Daten über deine <br /> Aktivitäten mit GPS <br /> deinem Phone und/oder einem Tracker",
    "LAUNCH_CONNECT": "Verbinde einen Tracker mit deinem <br /> Phone um deinen <br /> Schlaf zu überwachen",
    "LAUNCH_FRIENDS": "Verbinde dich mit deinen Freunden und finde neue Freunde.<br /> Seid gemeinsam aktiv und feuert euch an.",
    "LAUNCH_ACCOMPLISMENTS": "Sammle und teile deine Erfolge",
    "LAUNCH_OFFERS": "Angebote erhalten",
    "LAUNCH_HEALTH": "Gesund leben!",
    "LAUNCH_START": "Los geht's!",
    "T_TRACKER_SETUP": "Tracker Setup",
    "T_STEP1": "Schritt 1",
    "T_STEP2": "Schritt 2",
    "T_STEP3": "Schritt 3",
    "T_TURN_ON": "Bitt deinen Tracker <br> einschalten",
    "T_PAIRING": "Verbinde mit Tracker..",
    "T_PAIRED": "Mit Tracker erfolgreich <br>verbunden",
    "TRACKER_CONNECTION_ERROR": "Es ist ein Fehler aufgetreten. Bitte probier es noch ein Mal.",
    "PROFILE_PRIVACY_TITLE": "Privatsphäre einstellen",
    "PROFILE_PRIVACY_DETAIL": "Bestimme wer dein Profil sehen kann",
    "PROFILE_PRIVACY_PUBLIC": "Öffentlich",
    "PROFILE_PRIVACY_FRIENDS": "Freunde",
    "PROFILE_PRIVACY_PRIVATE": "Nur ich",
    "AUTO_PAUSE_TITLE": "Aktivität anhalten",
    "AUTO_PAUSE_DETAIL": "Aktivität automatisch anhalten bei eingehendem Anruf etc.",
    "L_OK": "OK",
    "L_GEAR": "Meine Ausrüstung",
    "L_MANAGE_GEAR": "Meine Ausrüstung verwalten",
    "GEAR_ACTIVITY_TYPE": "Art der Aktivität",
    "GEAR_ACTIVITY_TYPE_DETAIL": "Für welche Sportart nutze ich meine Ausrüstung?",
    "GEAR_NAME": "Name",
    "GEAR_NAME_DETAIL": "Gib deiner Ausrüstung einen Namen (e.g. \"Trigema Schuhe\")",
    "GEAR_ADD": "Ausrüstung hinzufuegen",
    "GEAR_LIST": "Meine Ausrüstung",
    "GEAR_CONFIRM_DELETE": "Wirklich diese Ausrüstung löschen?",
    "GEAR_NOT_ADDED": "Du hast noch keine Ausrüstung hinzugefügt. Das kannst du jetzt gerne nachholen",
    "BLE_SETTINGS_TITLE": "Geräteeinstellung",
    "BLE_SETTINGS": "Fitness Gerät Einstellung",
    "BLE_SETTINGS_NOT_AVAILABLE": "FireRunner unterstützt derzeit leider keine Bluetooth low energy Funktionen auf diesem Gerät. ",
    "BLE_CONNECTED_DEVICE_TITLE": "Verbundenes Gerät ",
    "BLE_CONNECTION_WIZARD": "Gerätverbindungsassistent",
    "BLE_CHOOSE_COMMAND": "Wählen ein command um es an das Gerät zu senden",
    "BLE_SELECT_COMMAND": "-- Command wählen --",
    "BLE_COMMAND_TOTAL_DAY_ACTIVITY": "Gesamte Aktivitäts-daten (heute)",
    "BLE_COMMAND_DETAILED_DAY_ACTIVITY": "Detaillierte Aktivitäts-daten (heute)",
    "BLE_COMMAND_TOTAL_ACTIVITY": "Alle Aktivitäts-daten",
    "BLE_COMMAND_VIBRATE": "Vibrieren (2 sek.)",
    "BLE_COMMAND_GET_BIO_PROFILE": "Bioprofil runterladen",
    "BLE_COMMAND_SET_BIO_PROFILE": "Bioprofil an Tracker schicken",
    "BLE_COMMAND_GET_DEVICE_NAME": "Gerätenamen runterladen",
    "BLE_COMMAND_START_ACTIVITY": "Start Schrittezähler",
    "BLE_COMMAND_STOP_ACTIVITY": "Stop Schrittezähler",
    "BLE_COMMAND_SET_TARGET_STEPS": "Schritteziel stezen (1230)",
    "BLE_COMMAND_GET_TARGET_STEPS": "Schritteziel runterladen",
    "BLE_COMMAND_SYNC_STATS": "Sync der generellen Daten",
    "GENERIC_ERROR": "Verbindungsfehler aufgetreten. Nochmal versuchen.",
    "FRIEND_LIST": "Meine Freunde",
    "FRIEND_FIND": "Im FireRunner Netzwerk suchen",
    "FRIEND_FB": "Facebook Freunden",
    "FRIEND_PROFILE": "Freund Profil",
    "SEARCH": "Suchen",
    "ADD_FRIEND": "Freund hinzufuegen",
    "ADD_INVITE": "Einladen",
    "FRIEND": "Freund",
    "NOT_FIRERUNNER_YET": "Noch kein FireRunner",
    "INVITATION_SENT": "Einladung verschickt",
    "ACCEPT_INVITATION": "Einladung akzeptieren",
    "FRIEND_REQUESTS": "Freund Anfragen",
    "LIKES": "Likes",
    "DISLIKES": "Dislikes",
    "FRIEND_LIST_EMPTY": "Du hast noch keine Freunden mit deinem FireRunner Konto verbunden. Nutze \"+\" oder \"f\" um Freunde im FireRunner oder Facebook Netzwerk zu finden.",
    "DO_LIKE": "Gratulieren",
    "OPERATION_SUCCESS": "Fertig.",
    "RUN_COMPLETED": "Aktivität beendet!",
    "CLOSE": "Schliessen",
    "TRACKER_CONNECTED": "Mit externen fitness tracker verbunden",
    "SHARE_ACTIVITY": "Aktivität teilen",
    "BLE_CONNECT": "Mit Gerät verbinden ",
    "FIRERUNNER_PROFILE": "FireRunner Profil",
    "LETS_GO": "Los geht's!",
    "GENERAL_STATS": "Dein Tag",
    "ACTIVITY_STATS": "Sport",
    "YOUR_TIMELINE": "Timeline",
    "COMMENTS": "Kommentare",
    "ENTER_COMMENT": "Deinen Kommentar hier eingeben",
    "POST_COMMENT": "Absenden",
    "L_YOU": "Du",
    "MY_EVENTS": "Meine Veranstaltungen",
    "NO_EVENTS": "Du hast noch keine Veranstaltungen angelegt.",
    "CREATE_EVENT": "Erstelle Veranstaltungen",
    "EDIT_EVENT": "Bearbeite Veranstaltungen",
    "EVENT_TITLE": "Veranstaltungstitel",
    "EVENT_TITLE_DETAIL": "Gib deinen Veranstaltungen einen sinnvollen Namen",
    "EVENT_DESCRIPTION": "Veranstaltungsbeschreibung",
    "EVENT_DESCRIPTION_DETAIL": "Beschreibe deine Veranstaltungen",
    "EVENT_DATE": "Datum und Uhrzeit",
    "EVENT_DATE_DETAIL": "Wann findet deine Veranstaltung statt",
    "EVENT_PLACE": "Ort",
    "EVENT_PLACE_DETAIL": "Ort der Veranstaltung",
    "EVENT_ADDRESS": "Addresse",
    "EVENT_ADDRES_DETAIL": "Addressdetails (falls vorhanden)",
    "EVENT_ACTIVITY_TYPE": "Aktivität",
    "EVENT_ACTIVITY_TYPE_DETAIL": "Art Aktivität fuer diese Veranstaltungen",
    "EVENT_COMPLEXITY": "Veranstaltungsdetails",
    "EVENT_COMPLEXITY_DETAIL": "Beschreibung fuer die Veranstaltung z.B. 10km, 2h etc.",
    "EVENT_FORM_INVALID": "Fehler bei der Eingabe der Informationen. Bitte überprüfe die Infos und versuche es erneut.",
    "EVENT_CONFIRM_DELETE": "Willst du wirklich die Veranstaltung löschen?",
    "EVENT_JOIN": "Mitmachen",
    "EVENT_REJECT": "Abbrechen",
    "EVENT_PARTICIPANTS": "Teilnehmer",
    "EVENT_PARTICIPANT": "Teilnehmer",
    "STATS_STEPS_DETAIL": "Tagesschritte",
    "PARTICIPANT_LIST_EMPTY": "Du hast keine bestätigten Teilnehmer bisher.",
    "PARTICIPANTS_INVITE": "Freunde einladen",
    "PARTICIPANT_INVITE": "Einladen",
    "PARTICIPANTS_NO_FRIENDS": "Du hast noch keine Freunde in deinem FireRunner Konto.",
    "MY_ACTIVITIES": "Meine Aktivität",
    "LEADERBOARD": "Spitzenreitertablle",
    "SETTINGS_TRACKING": "Tracker",
    "SETTINGS_TRACKING_DETAIL": "Bitte wähle welches Gerät du für die Schritte und Distanz nutzen möchtest.",
    "SETTINGS_TRACKING_PHONE": "Phone nutzen",
    "SETTINGS_TRACKING_DEVICE": "Externen Tracker nuzten",
    "RESET_CONFIRM": "Hiermit werden alle un-synchronisierten Daten gelöscht. \n Fortsetzen?",
    "TOOLS": "Geräte",
    "SYNC_TRACKER": "Tracker Daten importieren",
    "LEADERBOARD_TYPE": "Spitzenreitertabelle Ansicht",
    "LEADERBOARD_TYPE_DISTANCE": "Distanz",
    "LEADERBOARD_TYPE_STEPS": "Schritte",
    "LEADERBOARD_EMPTY": "Deine Spitzenreiter Tabelle ist leer.",
    "SYNC_PEDOMETER": "Import der Phone Schritte",
    "TIME_SPLIT": "Distanz/Zeitintervalle",
    "IMPORT_CONNECT_EXTERNAL_APPS": "Mit Apps verbinden",
    "IMPORT_NO_ACTIVITIES": "Keine Aktivitäten gefunden.",
    "IMPORT_FROM_RUNKEEPER": "Importieren von RunKeeper",
    "IMPORT_FROM_MAPMYRUN": "Importieren von  MapMyRun",
    "ACTIVITY_TITLE": "Aktivität",
    "MUSIC_FOLDER_ARTISTS": "Künstler",
    "MUSIC_FOLDER_ALBUMS": "Alben",
    "MUSIC_FOLDER_INTERNET_RADIO": "Internet Radio",
    "MUSIC_FOLDER_PLAYLISTS": "Wiedergabelisten",
    "MUSIC_FOLDER_FOLDERS": "Ordner",
    "SEE_MORE": "Weiter",
    "LEADERBOARD_WEEKLY_TYPE": "Die Spitzenreitertabelle fuer diese",
    "L_WEEK": "Woche",
    "SOFTWARE_LICENSING_INFO": "Software Lizensierungs-Informationen"
}
