﻿{
	"BTN_START": "Start",
	"BTN_PAUSE": "Pause",
	"BTN_RESET": "Reset",
	"BTN_CONTINUE": "Continue",
	"BTN_SAVE": "Save",
	"BTN_FINISH": "Finish",
	"BTN_DELETE": "Delete",
	"BTN_EDIT": "Edit",
	"BTN_CANCEL": "Cancel",
	"L_CONFIRM_DELETE_ACTIVITY": "Really delete the selected activity?",
	"L_KMH": "km/h",
	"L_MIH": "mi/h",
	"L_M": "m",
	"L_CM": "cm",
	"L_METERS": "meters",
	"L_KM": "km",
	"L_KILOMETERS": "kilometers",
	"L_MI": "mi",
	"L_YD": "yds",
	"L_MILES": "miles",
	"L_YARDS": "yards",
	"L_MIN_KM": "min/km",
	"L_MIN_MI": "min/mi",
	"L_KG": "kg.",
	"L_INCHES": "in.",
	"L_POUNDS": "lbs.",
	"L_SLEEP_EFFICIENCY": "% Sleep Efficiency",
	"L_RUNNING_STEPS": "Running Steps",
	"L_STEPS": "Steps",
	"L_CALORIES_BURNT": "kcal burned",
	"L_CALORIES": "kcal",
	"L_DISTANCE": "Distance",
	"L_TODAY": "Today",
	"L_YESTERDAY": "Yesterday",
	"L_WEATHER": "Weather",
	"L_SHARE": "Share",
	"SETTINGS_TITLE": "Settings",
	"AUDIO_CUES_TITLE": "Audio cues",
	"AUDIO_CUES_DETAIL": "Play audio cues when particular dispance reached. Requires internet connection (additional charges may apply).",
	"AUDIO_CUES_NEVER": "Never",
	"AUDIO_CUES_100M": "Every 100 m. / yd.",
	"AUDIO_CUES_1KM": "Every 1 km. / mi.",
	"AUDIO_CUES_5KM": "Every 5 km. / mi. ",
	"AUDIO_CUES_10KM": "Every 10 km. / mi.",
	"AUDIO_CUES_ACTIVITY_STARTED": "Activity started",
	"AUDIO_CUES_ACTIVITY_PAUSED": "Activity paused",
	"AUDIO_CUES_ACTIVITY_FINISHED": "Activity finished",
	"AUDIO_CUES_ACTIVITY_RESET": "Activity reset",
	"LANG_TITLE": "Language",
	"LANG_DETAIL": "Change interface language",
	"LANG_EN": "English",
	"LANG_DE": "German",
	"LANG_GR": "Greek",
	"LANG_HU": "Hungarian",
	"LANG_PL": "Polish",
	"LANG_PT": "Portuguese",
	"LANG_RU": "Russian",
	"LANG_UK": "Ukrainian",
	"LANG_BN": "Bengali",
	"LANG_ES": "Spanish",
	"LANG_HI": "Hindi",
	"MENU_HOME": "Home",
	"MENU_ACTIVITIES": "Activities",
	"MENU_PROFILE": "Social",
	"MENU_MUSIC": "Music",
	"MENU_SETTINGS": "Settings",
	"MENU_NEWS": "News",
	"MENU_BIODATA": "My Biodata",
	"MENU_EVENTS": "Events",
	"DATA_NO_ACTIVITIES": "You dont have saved activities yet.",
	"DATA_TITLE": "Activities",
	"MUSIC_NOT_SUPPORTED": "This device doesn't support music functions.",
	"DEMO_MODE": "Demo mode",
	"DEMO_MODE_DETAIL": "Enables activity simulation",
	"DEBUG_MODE": "Debug mode",
	"DEBUG_MODE_DETAIL": "Enables logging and debugging",
	"USE_LOCATION_POLL": "Use location poll",
	"USE_LOCATION_POLL_DETAIL": "Poll location periodically instead of using built-in location change notification",
	"L_NO": "No",
	"L_YES": "Yes",
	"L_SEARCHING_LOCATION": "Determining your current location using GPS...",
	"L_LOCATION_ERROR": "Location could not be determined. Please make sure that GPS services are enabled on your device.",
	"L_RETRY": "Retry",
	"L_PROFILE_TITLE": "My Profile",
	"L_PROFILE_NOT_CONNECTED": "Do not have an account?",
	"L_CONNECT": "Connect",
	"L_DISCONNECT": "Log out",
	"L_SYNC": "Synchronize with server",
	"RESET": "Reset",
	"RESET_DETAIL": "Reset to default values",
	"L_UNITS_TITLE": "Units",
	"L_UNITS_DETAILS": "Choose between metric units (km) or US units (mi)",
	"L_UNITS_METRIC": "Metric",
	"L_UNITS_US": "US",
	"L_SPEED_MODE": "Speed display mode",
	"L_SPEED_MODE_DETAILS": "Choose between speed (km/h, mi/h) or pace (min/km, min/mi)",
	"L_SPEED": "Speed",
	"L_PACE": "Pace",
	"L_DOWNLOAD_CONTENT": "Download extra content",
	"L_DOWNLOAD_CONTENT_DETAILS": "Download content (like playlists) automatically. Requires internet connection (additional charges may apply).",
	"L_EMAIL": "Email",
	"L_PASSWORD": "Password",
	"L_CREATE_PROFILE": "Create profile",
	"L_FACEBOOK_CONNECT": "Connect with Facebook",
	"L_FORGOT_PASSWORD": "Forgot password?",
	"L_LOGIN_ERROR": "The combination of email address and password was not found. Please check your input and try again.",
	"L_CONFIRM_PASSWORD": "Password confirmation",
	"L_NAME": "Your name",
	"L_SIGNUP_ERROR": "An error occured during the registration:",
	"L_SEND_PASSWORD": "Send password",
	"L_PASSWORD_SENT": "The password was successfully sent to the specified email address. Please check your Inbox and mention that sometimes messages go to Spam folder unexpectedly.",
	"L_PASSWORD_ERROR": "An error occured while sending the password: ",
	"L_INVALID_TICKET": "Firefox Marketplace receipt validation failed. Program will exit now. Try reinstalling the program from the Marketplace.",
	"L_NEWS": "News",
	"L_NEWS_KEYWORD": "sports",
	"L_NEWS_BACK": "Back to news list",
	"L_NEWS_ARTICLE": "Read the article",
	"GPS_ACCURACY": "Minimum GPS accuracy",
	"GPS_ACCURACY_DETAIL": "Minimum allowed GPS accuracy.",
	"GPS_20M": "20 m / yd",
	"GPS_50M": "50 m / yd",
	"GPS_150M": "150 m / yd",
	"GPS_500M": "500 m / yd",
	"GPS_1000M": "1 km / mi",
	"GPS_UM": "Not limited",
	"L_SPEED_TITLE": "Speed",
	"L_DISTANCE_TITLE": "Distance",
	"L_TIME_TITLE": "Time",
	"T_NEWS": "News",
	"L_NEWS_ORIGINAL": "Read original",
	"L_LOADING": "Loading...",
	"L_TOTAL_DISTANCE": "Total distance",
	"L_RUNS": "Activities",
	"L_AVERAGE_PACE": "Average pace",
	"L_BIO_PROFILE_TITLE": "Bio profile",
	"L_BIO_PROFILE_EDIT": "Edit bio profile",
	"L_BIO_GENDER": "Gender",
	"L_BIO_GENDER_DETAIL": "Your gender (used for accurate calculations of calories burned)",
	"L_BIO_GENDER_MALE": "Male",
	"L_BIO_GENDER_FEMALE": "Female",
	"L_BIO_AGE": "Age",
	"L_BIO_AGE_DETAIL": "Your age at the moment (full years)",
	"L_BIO_HEIGHT": "Height",
	"L_BIO_HEIGHT_DETAIL": "Your height in centimeters or inches",
	"L_BIO_WEIGHT": "Weight",
	"L_BIO_WEIGHT_DETAIL": "Your weight in kilograms or pounds",
	"L_BIO_STRIDE": "Stride length",
	"L_BIO_STRIDE_DETAIL": "Your stride length in centimeters or inches (optional)",
	"L_NO_RUNS": "You have no saved activities.",
	"L_START_RUNNING": "Let's go!",
	"L_NO_BIO_PROFILE": "You did not fill your bio profile yet. Please go and do it.",
	"L_FILL_BIO_PROFILE": "Fill bio profile",
	"L_BASIC_RUN": "Basic run",
	"L_RUNNING": "Running",
	"L_WALKING": "Walking",
	"L_HIKING": "Hiking",
	"L_BIKING": "Biking",
	"L_ROLLER": "Rollerblade",
	"L_SKIING": "Skiing",
	"L_NO_GOAL_SET": "You currently don't have a daily goal.",
	"L_SET_GOAL": "Set a goal",
	"L_REMOVE_GOAL": "Remove goal",
	"L_UPDATE_GOAL": "Update goal",
	"GOAL_TYPE_TITLE": "Daily goal type",
	"GOAL_TYPE_DETAIL": "The type of the goal: longest distance, longest activity time or maximum calories burned",
	"GOAL_TYPE_DISTANCE": "Distance",
	"GOAL_TYPE_DURATION": "Duration",
	"GOAL_TYPE_CALORIES": "Calories",
	"GOAL_TYPE_STEPS": "Steps",
	"GOAL_DISTANCE": "Distance",
	"GOAL_DISTANCE_DETAIL": "Number of kilometers or miles you want to do every day",
	"GOAL_STEPS": "Steps",
	"GOAL_STEPS_DETAIL": "Number of steps you want to do every day",
	"GOAL_DURATION": "Duration",
	"GOAL_DURATION_DETAIL": "Number of minutes you want to dedicate to activities every day",
	"GOAL_CALORIES": "Calories",
	"GOAL_CALORIES_DETAIL": "Number of calories you want to burn every day",
	"L_FIRERUNNER_SINCE": "Firerunner since {{ reg }}",
	"L_SINCE": "Since {{ reg }}",
	"L_TRACKED": "Tracked",
	"L_PERSONAL_RECORDS": "Personal Records",
	"L_LONGEST_RUN": "Farthest distance",
	"L_FASTEST_RUN": "Best pace",
	"L_FASTEST_5KM": "Fastest 5km",
	"L_FASTEST_5MI": "Fastest 5 miles",
	"L_FASTEST_10KM": "Fastest 10km",
	"L_FASTEST_10MI": "Fastest 10 miles",
	"L_ADVANCED_SETTINGS": "Advanced settings",
	"L_SIGNUP_FACEBOOK": "Sign up with Facebook",
	"L_SIGNUP_EMAIL": "Sign up with e-mail",
	"L_STEPS_TRACKER_SETUP": "Steps Tracking Setup",
	"L_STEPS_TRACKER_OPTIONS": "Do you want to use your phone or <br /> a tracker to count your steps?",
	"L_STEPS_TRACKER_USE_PHONE": "Use Phone",
	"L_STEPS_TRACKER_USE_EXTERNAL": "Connect Tracker",
	"L_SKIP": "Skip",
	"L_NEXT": "Next",
	"L_DONE_HEADER": "Done!",
	"L_GET_READY": "Get ready to move",
	"L_DONE": "Done",
	"L_BACK": "Back",
	"L_SEND": "Send",
	"L_LOGIN": "Login",
	"L_NEW_USER": "New user",
	"LAUNCH_TRACK": "Track  your activities <br /> to live a healthy life",
	"LAUNCH_CAPTURE": "Capture data about your <br /> activity with GPS <br /> phone or a tracker",
	"LAUNCH_CONNECT": "Connect a tracker to your <br /> phone for sleep tracking <br />",
	"LAUNCH_FRIENDS": "Connect + make friends <br /> Be active together + compete",
	"LAUNCH_ACCOMPLISMENTS": "Collect accomplishments",
	"LAUNCH_OFFERS": "Get offers",
	"LAUNCH_HEALTH": "Live healthy!",
	"LAUNCH_START": "Get Started",
	"T_TRACKER_SETUP": "Tracker Setup",
	"T_STEP1": "Step 1",
	"T_STEP2": "Step 2",
	"T_STEP3": "Step 3",
	"T_TURN_ON": "Turn on your <br>tracker",
	"T_PAIRING": "Pairing with tracker",
	"T_PAIRED": "Tracker succesfully <br>paired",
	"TRACKER_CONNECTION_ERROR": "There was an error connecting to the tracker. Please try again.",
	"PROFILE_PRIVACY_TITLE": "Profile privacy",
	"PROFILE_PRIVACY_DETAIL": "Determines who can see your profile",
	"PROFILE_PRIVACY_PUBLIC": "Public",
	"PROFILE_PRIVACY_FRIENDS": "Friends",
	"PROFILE_PRIVACY_PRIVATE": "Private",
	"AUTO_PAUSE_TITLE": "Auto pause activity",
	"AUTO_PAUSE_DETAIL": "Auto pause activity when receiving call etc.",
	"L_OK": "OK",
	"L_GEAR": "My gear",
	"L_MANAGE_GEAR": "Manage my gear",
	"GEAR_ACTIVITY_TYPE": "Activity type",
	"GEAR_ACTIVITY_TYPE_DETAIL": "Which sport is this gear for?",
	"GEAR_NAME": "Gear name",
	"GEAR_NAME_DETAIL": "Give gear a name (e.g. \"Nike shoes\")",
	"GEAR_ADD": "Add gear",
	"GEAR_LIST": "My gear",
	"GEAR_CONFIRM_DELETE": "Really delete this gear and associated information?\nThis cannot be undone.",
	"GEAR_NOT_ADDED": "You didn't add any gear yet. Please go and add some.",
	"BLE_SETTINGS_TITLE": "Device settings",
	"BLE_SETTINGS": "Fitness device settings",
	"BLE_SETTINGS_NOT_AVAILABLE": "FireRunner currently doesn't support Bluetooth Low Energy functions on this devices.",
	"BLE_CONNECTED_DEVICE_TITLE": "Connected device",
	"BLE_CONNECTION_WIZARD": "Device connection wizard",
	"BLE_CHOOSE_COMMAND": "Choose a command to send to device",
	"BLE_SELECT_COMMAND": "-- Select command --",
	"BLE_COMMAND_TOTAL_DAY_ACTIVITY": "Total activity stats (today)",
	"BLE_COMMAND_DETAILED_DAY_ACTIVITY": "Detailed activity stats (today)",
	"BLE_COMMAND_TOTAL_ACTIVITY": "Total activity stats (all)",
	"BLE_COMMAND_VIBRATE": "Vibrate (2 sec.)",
	"BLE_COMMAND_GET_BIO_PROFILE": "Get bio profile from tracker",
	"BLE_COMMAND_SET_BIO_PROFILE": "Send bio profile to tracker",
	"BLE_COMMAND_GET_DEVICE_NAME": "Get tracker device name",
	"BLE_COMMAND_START_ACTIVITY": "Start pedometer",
	"BLE_COMMAND_STOP_ACTIVITY": "Stop pedometer",
	"BLE_COMMAND_SET_TARGET_STEPS": "Set target steps (1230)",
	"BLE_COMMAND_GET_TARGET_STEPS": "Get target steps",
	"BLE_COMMAND_SYNC_STATS": "Sync general stats",
	"BLE_COMMAND_START_HEART_RATE": "Start heart rate monitor",
	"BLE_COMMAND_STOP_HEART_RATE": "Stop heart rate monitor",
	"BLE_COMMAND_GET_DEVICE_INFO": "Device info",
	"BLE_COMMAND_START_BONDING": "Start bonding",
	"GENERIC_ERROR": "Connection error. Please retry.",
	"FRIEND_LIST": "My Friends",
	"FRIEND_FIND": "FireRunner",
	"FRIEND_FB": "Facebook",
	"FRIEND_PROFILE": "Friend profile",
	"SEARCH": "Search",
	"ADD_FRIEND": "Add friend",
	"ADD_INVITE": "Invite",
	"FRIEND": "Friend",
	"NOT_FIRERUNNER_YET": "Not a FireRunner yet",
	"INVITATION_SENT": "Invitation sent",
	"ACCEPT_INVITATION": "Accept invitation",
	"FRIEND_REQUESTS": "Friend requests",
	"LIKES": "Likes",
	"DISLIKES": "Dislikes",
	"FRIEND_LIST_EMPTY": "You didn't connect any friends to your FireRunner account. Use \"+\" or \"f\" to find or friends on FireRunner or Facebook and connect them.",
	"DO_LIKE": "Congratulate",
	"OPERATION_SUCCESS": "Done.",
	"RUN_COMPLETED": "Run completed!",
	"CLOSE": "Close",
	"TRACKER_CONNECTED": "External fitness tracker connected",
	"SHARE_ACTIVITY": "Share workout",
	"BLE_CONNECT": "Connect to device",
	"FIRERUNNER_PROFILE": "FireRunner Profile",
	"LETS_GO": "Let's go!",
	"GENERAL_STATS": "Your day",
	"ACTIVITY_STATS": "Sports",
	"YOUR_TIMELINE": "Social feed",
	"COMMENTS": "Comments",
	"ENTER_COMMENT": "write a comment...",
	"POST_COMMENT": "Post",
	"L_YOU": "You",
	"MY_EVENTS": "My events",
	"NO_EVENTS": "You didn't create any events yet.",
	"CREATE_EVENT": "Create event",
	"EDIT_EVENT": "Edit event",
	"EVENT_TITLE": "Event title",
	"EVENT_TITLE_DETAIL": "Give your event a prominent title",
	"EVENT_DESCRIPTION": "Event description",
	"EVENT_DESCRIPTION_DETAIL": "Describe your event",
	"EVENT_DATE": "Date and time",
	"EVENT_DATE_DETAIL": "When your event is gonna happen",
	"EVENT_PLACE": "Place",
	"EVENT_PLACE_DETAIL": "Name of the place where event is gonna happen",
	"EVENT_ADDRESS": "Address",
	"EVENT_ADDRES_DETAIL": "Address of the place (if available)",
	"EVENT_ACTIVITY_TYPE": "Activity",
	"EVENT_ACTIVITY_TYPE_DETAIL": "The type of activity this event is related to.",
	"EVENT_COMPLEXITY": "Complexity",
	"EVENT_COMPLEXITY_DETAIL": "Event complexity description (e.g. 10 km run)",
	"EVENT_FORM_INVALID": "The form is not correctly filled. Please check the fields and correct the mistakes.",
	"EVENT_CONFIRM_DELETE": "Really delete this event and associated information?\nThis cannot be undone.",
	"EVENT_JOIN": "Join",
	"EVENT_REJECT": "Cancel",
	"EVENT_PARTICIPANTS": "Participants",
	"EVENT_PARTICIPANT": "Participant",
	"STATS_STEPS_DETAIL": "Steps daily stats",
	"PARTICIPANT_LIST_EMPTY": "Nobody yet confirmed participation in this event or accepted your invitation.",
	"PARTICIPANTS_INVITE": "Invite friends",
	"PARTICIPANT_INVITE": "Invite",
	"PARTICIPANTS_NO_FRIENDS": "You didn't connect any friends to your FireRunner account.",
	"MY_ACTIVITIES": "My activities",
	"LEADERBOARD": "Leaderboard",
	"SETTINGS_TRACKING": "Tracking device",
	"SETTINGS_TRACKING_DETAIL": "Choose which device should be used for steps and distance tracking.",
	"SETTINGS_TRACKING_PHONE": "Use phone",
	"SETTINGS_TRACKING_DEVICE": "Use external tracker",
	"RESET_CONFIRM": "This will delete all unsynced info and cannot be undone.\n Continue?",
	"TOOLS": "Tools",
	"SYNC_TRACKER": "Import tracker stats",
	"LEADERBOARD_TYPE": "Leaderboard type",
	"LEADERBOARD_TYPE_DISTANCE": "Distance",
	"LEADERBOARD_TYPE_STEPS": "Steps",
	"LEADERBOARD_EMPTY": "Your leaderboard is empty.",
	"SYNC_PEDOMETER": "Import phone steps count",
	"TIME_SPLIT": "Time split",
	"IMPORT_CONNECT_EXTERNAL_APPS": "Connect external apps",
	"IMPORT_NO_ACTIVITIES": "No activities suitable for import found.",
	"IMPORT_FROM_RUNKEEPER": "Import from RunKeeper",
	"IMPORT_FROM_MAPMYRUN": "Import from MapMyRun",
	"ACTIVITY_TITLE": "Activity",
	"MUSIC_FOLDER_ARTISTS": "Artists",
	"MUSIC_FOLDER_ALBUMS": "Albums",
	"MUSIC_FOLDER_INTERNET_RADIO": "Internet Radio",
	"MUSIC_FOLDER_PLAYLISTS": "Playlists",
	"MUSIC_FOLDER_FOLDERS": "Folders",
	"SEE_MORE": "See more",
	"LEADERBOARD_WEEKLY_TYPE": "This week's leaderboard for",
	"L_WEEK": "Week",
	"L_DAY": "Day",
	"SOFTWARE_LICENSING_INFO": "Software Licensing Info",
	"SITE_TITLE": "FireRunner - You like to move it!",
	"GOAL_ACHIEVED_TITLE": "Super!",
	"GOAL_ACHIEVED": "You reached your daily goal",
	"GOAL_5K_ACHIEVED": "5,000 steps in one day. Good job.",
	"GOAL_10K_ACHIEVED": "10,000 steps today. Outstanding!",
	"LIKE_BUTTON": "like",
	"LIKE_BUTTON_YOU": "you",
	"GEAR_SAVE": "Save gear",
	"DAILY_STEPS": "Steps daily",
	"MINUTES_PASSED": "minutes",
	"SECONDS_PASSED": "seconds",
	"PASSED": "total time",
	"HOURS_PASSED": "hours",
	"PER_KILOMETER": "per kilometer",
	"PER_MILE": "per mile",
	"SLEEP_QUALITY": "Sleep quality",
	"CONFIRM_REMOVE_FRIEND": "Really remove friend relation?",
	"MENU_GET_FIT": "Get fit",
	"GET_FIT_REMINDERS": "Reminders",
	"GET_FIT_REPORT": "Report",
	"GET_FIT_REHAB_TITLE": "Rehab exercises",
	"GET_FIT_VIDEO_DURATION": "duration",
	"GET_FIT_COMPLETE": "complete",
	"GET_FIT_REPORT_TITLE": "Rehab exercises report",
	"GET_FIT_REPORT_EMPTY": "There are no exercises market complete. Please tap the particular exercise time to mark it completed.",
	"GET_FIT_REMINDERS_TITLE": "Rehab exercises reminders",
	"GET_FIT_NOTIFICATION_TITLE": "Exercise reminder",
	"ELEVATION_TITLE": "Elevation",
	"ACTIVITY_DESCRIPTION_TEMPLATE": "{{ name }} completed an activity on {{ finishDate }}. {{ type }} for {{ distance }} {{ distanceUnits }} at {{ speed }} {{ speedUnits }} {{ speedTitle }}.",
	"EVENT_DESCRIPTION_TEMPLATE": "{{ title }}. A {{ type }} event in {{ place }} {{ address }} by {{ name }} on {{ date }}. {{ description }}",
	"FEATURED_USERS": "Featured users",
	"MESSAGES":  "Messages"
}
