{
    "BTN_START": "Comenza",
    "BTN_PAUSE": "Pausa",
    "BTN_RESET": "Reiniciar",
    "BTN_CONTINUE": "Continuar",
    "BTN_SAVE": "Guardar",
    "BTN_FINISH": "Terminar",
    "BTN_DELETE": "Eliminar",
    "BTN_EDIT": "Editar",
    "BTN_CANCEL": "Cancelar",
    "L_CONFIRM_DELETE_ACTIVITY": "Realmente quieres borrar la actividad seleccionada?",
    "L_KMH": "km/h",
    "L_MIH": "mi/h",
    "L_M": "m.",
    "L_CM": "cm.",
    "L_METERS": "metros",
    "L_KM": "km.",
    "L_KILOMETERS": "kilometros",
    "L_MI": "mi.",
    "L_YD": "yds.",
    "L_MILES": "millas",
    "L_YARDS": "yardas",
    "L_MIN_KM": "min/km",
    "L_MIN_MI": "min/mi",
    "L_KG": "kg.",
    "L_INCHES": "in.",
    "L_POUNDS": "lbs.",
    "L_SLEEP_EFFICIENCY": "% Eficacia del sueño",
    "L_RUNNING_STEPS": "Pasos corridos",
    "L_STEPS": "Pasos",
    "L_CALORIES_BURNT": "Calorias quemadas",
    "L_CALORIES": "Calorias",
    "L_DISTANCE": "Distancia",
    "L_TODAY": "Hoy",
    "L_YESTERDAY": "Ayer",
    "L_WEATHER": "Clima",
    "L_SHARE": "Compartir",
    "SETTINGS_TITLE": "Ajustes",
    "AUDIO_CUES_TITLE": "Notificaciones de audio",
    "AUDIO_CUES_DETAIL": "Reproducir notificaciones de audio cuando se alcanaza una distancia específica. Requiere conexión a internet (cargos adicionales pueden aplicar).",
    "AUDIO_CUES_NEVER": "Nunca",
    "AUDIO_CUES_100M": "Cada 100 m. / yd.",
    "AUDIO_CUES_1KM": "Cada 1 km. / mi.",
    "AUDIO_CUES_5KM": "Cada 5 km. / mi. ",
    "AUDIO_CUES_10KM": "Cada 10 km. / mi.",
    "AUDIO_CUES_ACTIVITY_STARTED": "Actividad comenzada",
    "AUDIO_CUES_ACTIVITY_PAUSED": "Actividad pausada",
    "AUDIO_CUES_ACTIVITY_FINISHED": "Actividad terminada",
    "AUDIO_CUES_ACTIVITY_RESET": "Actividad reiniciada",
    "LANG_TITLE": "Idioma",
    "LANG_DETAIL": "Cambiar idioma",
    "LANG_EN": "Inglés",
    "LANG_DE": "Alemán",
    "LANG_GR": "Griego",
    "LANG_HU": "Húngaro",
    "LANG_PL": "Polaco",
    "LANG_PT": "Portugues",
    "LANG_RU": "Ruso",
    "LANG_UK": "Ukrainiano",
    "LANG_BN": "Bengalo",
    "LANG_ES": "Español",
    "MENU_HOME": "Inicio",
    "MENU_ACTIVITIES": "Actividades",
    "MENU_PROFILE": "Social",
    "MENU_MUSIC": "Musica",
    "MENU_SETTINGS": "Ajustes",
    "MENU_NEWS": "Noticias",
    "MENU_BIODATA": "Mi Biodata",
    "MENU_EVENTS": "Eventos",
    "DATA_NO_ACTIVITIES": "Aún no tienes actividades.",
    "DATA_TITLE": "Actividades",
    "MUSIC_NOT_SUPPORTED": "Este dispositivo no soporta funciones de música.",
    "DEMO_MODE": "Modo demo",
    "DEMO_MODE_DETAIL": "Habilitar actividades de simulación.",
    "DEBUG_MODE": "Modo depurador",
    "DEBUG_MODE_DETAIL": "Habilitar registro y depurador.",
    "USE_LOCATION_POLL": "Usar location poll",
    "USE_LOCATION_POLL_DETAIL": "Poll location periodicamente en vez de usar la notificación de cambio de localización del dispositivo.",
    "L_NO": "No",
    "L_YES": "Si",
    "L_SEARCHING_LOCATION": "Determinar su localización usando GPS...",
    "L_LOCATION_ERROR": "Localización no puede ser determinada. Por favor asegúrese que los servicios de GPS estén activados en su dispositivo.",
    "L_RETRY": "Reintentar",
    "L_PROFILE_TITLE": "Mi Perfil",
    "L_PROFILE_NOT_CONNECTED": "No tienes una cuenta?",
    "L_CONNECT": "Conectar",
    "L_DISCONNECT": "Desconectar de esta cuenta",
    "L_SYNC": "Sincronizar con servidor",
    "RESET": "Reiniciar",
    "RESET_DETAIL": "Restablecer ajustes de fábrica",
    "L_UNITS_TITLE": "Unidades",
    "L_UNITS_DETAILS": "Elegir entre el sistema Inglés (km) o Americano (mi) de unidades",
    "L_UNITS_METRIC": "Metrico",
    "L_UNITS_US": "Americano",
    "L_SPEED_MODE": "Modo de visualización de velocidad",
    "L_SPEED_MODE_DETAILS": "Escoja entre velocidades (km/h, mi/h) o ritmo (min/km, min/mi)",
    "L_SPEED": "Velocidad",
    "L_PACE": "Ritmo",
    "L_DOWNLOAD_CONTENT": "Descargar contenido extra",
    "L_DOWNLOAD_CONTENT_DETAILS": "Descargar contenido (como playlists) automaticamente. Requiere conexión a internet (puede generar cargos adicionales).",
    "L_EMAIL": "Correo",
    "L_PASSWORD": "Contraseña",
    "L_CREATE_PROFILE": "Crear perfil",
    "L_FACEBOOK_CONNECT": "Conectar con Facebook",
    "L_FORGOT_PASSWORD": "Olvidó la contraseña?",
    "L_LOGIN_ERROR": "La combinación de email y contraseña no se encuentran. Por favor revisa la información y trata nuevamente.",
    "L_CONFIRM_PASSWORD": "Confirmar contraseña",
    "L_NAME": "Nombre",
    "L_SIGNUP_ERROR": "Ocurrió un error durante el registro:",
    "L_SEND_PASSWORD": "Enviar contraseña",
    "L_PASSWORD_SENT": "La contraseña fue enviada correctamente a la dirección de correo electrónico. Por favor revisa tu bandeja de entrada, recuerda que algunos mensajes pueden ir a correo no deseado.",
    "L_PASSWORD_ERROR": "Ocurrió un error enviando la contraseña: ",
    "L_INVALID_TICKET": "Falló validación en Firefox Marketplace. Programa se cerrará en este momento. Intenta reinstalando el programa desde el Marketplace.",
    "L_NEWS": "Noticias",
    "L_NEWS_KEYWORD": "Deportes",
    "L_NEWS_BACK": "Atrás a lista de noticias",
    "L_NEWS_ARTICLE": "Leer el articulo",
    "GPS_ACCURACY": "Mínima precisión de GPS",
    "GPS_ACCURACY_DETAIL": "Mínima precisión permitida de GPS.",
    "GPS_150M": "150 m / yd",
    "GPS_500M": "500 m / yd",
    "GPS_1000M": "1 km / mi",
    "GPS_UM": "Sin límite",
    "L_SPEED_TITLE": "Velocidad",
    "L_DISTANCE_TITLE": "Distancia",
    "L_TIME_TITLE": "Tiempo",
    "T_NEWS": "Noticias",
    "L_NEWS_ORIGINAL": "Leer original",
    "L_LOADING": "Cargando...",
    "L_TOTAL_DISTANCE": "Distancia total",
    "L_RUNS": "Actividades",
    "L_AVERAGE_PACE": "Ritmo promedio",
    "L_BIO_PROFILE_TITLE": "Perfil bio",
    "L_BIO_PROFILE_EDIT": "Editar perfil bio",
    "L_BIO_GENDER": "Genero",
    "L_BIO_GENDER_DETAIL": "Su genero es usado para calculos precisos de calorias quemadas",
    "L_BIO_GENDER_MALE": "Masculino",
    "L_BIO_GENDER_FEMALE": "Femenino",
    "L_BIO_AGE": "Edad",
    "L_BIO_AGE_DETAIL": "Edad en años cumplidos.",
    "L_BIO_HEIGHT": "Altura",
    "L_BIO_HEIGHT_DETAIL": "Altura en centimetros o pulgadas",
    "L_BIO_WEIGHT": "Peso",
    "L_BIO_WEIGHT_DETAIL": "Peso en kilogramos o libras",
    "L_BIO_STRIDE": "Longitud del paso",
    "L_BIO_STRIDE_DETAIL": "Longitud del paso en centimetros o pulgadas",
    "L_NO_RUNS": "No hay actividades aún. Por favor ve y haz algo.",
    "L_START_RUNNING": "Ve y hazlo!",
    "L_NO_BIO_PROFILE": "No has terminado tu perfil bio aún. Por favor ve y hazlo.",
    "L_FILL_BIO_PROFILE": "Llenar perfil bio",
    "L_BASIC_RUN": "Corrida básica",
    "L_RUNNING": "Corriendo",
    "L_WALKING": "Caminando",
    "L_HIKING": "Escalando",
    "L_BIKING": "Bicicleta",
    "L_ROLLER": "Patines",
    "L_SKIING": "Ski",
    "L_NO_GOAL_SET": "Aún no tienes meta diaria.",
    "L_SET_GOAL": "Crear una meta",
    "L_REMOVE_GOAL": "Eliminar meta",
    "L_UPDATE_GOAL": "Actualizar meta",
    "GOAL_TYPE_TITLE": "Tipo de meta diaria",
    "GOAL_TYPE_DETAIL": "Tipo de meta: mayor distancia, tiempo de actividad más largo o máximo de calorias quemadas",
    "GOAL_TYPE_DISTANCE": "Distancia",
    "GOAL_TYPE_DURATION": "Duración",
    "GOAL_TYPE_CALORIES": "Calorias",
    "GOAL_TYPE_STEPS": "Pasos",
    "GOAL_DISTANCE": "Distancia",
    "GOAL_DISTANCE_DETAIL": "Número de kilometros o milla que quieres cada día",
    "GOAL_STEPS": "Pasos",
    "GOAL_STEPS_DETAIL": "Número de pasos que quieres dar cada día",
    "GOAL_DURATION": "Duración",
    "GOAL_DURATION_DETAIL": "Número de minutos que quieres dedicarle a las actividades cada día",
    "GOAL_CALORIES": "Calorias",
    "GOAL_CALORIES_DETAIL": "Número de calorias que quieres quemar por día",
    "L_FIRERUNNER_SINCE": "Firerunner desde {{ reg }}",
    "L_SINCE": "Desde {{ reg }}",
    "L_TRACKED": "Rastreando",
    "L_PERSONAL_RECORDS": "Registros personales",
    "L_LONGEST_RUN": "Distancia más larga",
    "L_FASTEST_RUN": "Mejor lugar",
    "L_FASTEST_5KM": "Los 5km más rápidos",
    "L_FASTEST_5MI": "Las 5 millas más rápidas",
    "L_FASTEST_10KM": "Los 10km más rápidos",
    "L_FASTEST_10MI": "Las 10 millas más rápidas",
    "L_ADVANCED_SETTINGS": "Ajustes avanzados",
    "L_SIGNUP_FACEBOOK": "Registrarse con Facebook",
    "L_SIGNUP_EMAIL": "Registro con correo electrónico",
    "L_STEPS_TRACKER_SETUP": "Ajustes de rastro de pasos",
    "L_STEPS_TRACKER_OPTIONS": "Quieres usar tu teléfono o <br /> un rastreo para contar tus pasos?",
    "L_STEPS_TRACKER_USE_PHONE": "Usar teléfono",
    "L_STEPS_TRACKER_USE_EXTERNAL": "Conectar rastreador",
    "L_SKIP": "Saltar",
    "L_NEXT": "Siguiente",
    "L_DONE_HEADER": "Listo!",
    "L_GET_READY": "Preparar para moverme",
    "L_DONE": "Listo",
    "L_BACK": "Atrás",
    "L_SEND": "Enviar",
    "L_LOGIN": "Login",
    "L_NEW_USER": "Nuevo usuario",
    "LAUNCH_TRACK": "Rastrea tus actividades + tu <br /> sueño para vivir una vida saludable",
    "LAUNCH_CAPTURE": "Capturar información acerca de tu <br /> actividad con GPS <br /> telefono o rastreador",
    "LAUNCH_CONNECT": "Capturar un rastreador a tu <br /> telefono para el conteo del sueño <br /> + monitoreo del sueño",
    "LAUNCH_FRIENDS": "Conectar + hacer amigos <br /> Estar activos juntos + competir",
    "LAUNCH_ACCOMPLISMENTS": "Recolectar metas alcanzadas",
    "LAUNCH_OFFERS": "Recibir ofertas",
    "LAUNCH_HEALTH": "Vive saludable!",
    "LAUNCH_START": "Comenzar",
    "T_TRACKER_SETUP": "Ajustes de rastreo",
    "T_STEP1": "Paso 1",
    "T_STEP2": "Paso 2",
    "T_STEP3": "Paso 3",
    "T_TURN_ON": "Prender tu <br>rastreador",
    "T_PAIRING": "Apareando con rastreador",
    "T_PAIRED": "Rastreador apareado <br>correctamente",
    "TRACKER_CONNECTION_ERROR": "Ocurrió un error conectándose con el rastreador. Por favor intente de nuevo.",
    "PROFILE_PRIVACY_TITLE": "Privacidad de perfil",
    "PROFILE_PRIVACY_DETAIL": "Determina quién puede ver tu perfil",
    "PROFILE_PRIVACY_PUBLIC": "Publico",
    "PROFILE_PRIVACY_FRIENDS": "Amigos",
    "PROFILE_PRIVACY_PRIVATE": "Privado",
    "AUTO_PAUSE_TITLE": "Pausar automaticamente actividad",
    "AUTO_PAUSE_DETAIL": "Actividades pausadas automaticamente cuando se recibe una llamada etc.",
    "L_OK": "OK",
    "L_GEAR": "Mi equipo",
    "L_MANAGE_GEAR": "Administrar mi equipo",
    "GEAR_ACTIVITY_TYPE": "Tipo de actividad",
    "GEAR_ACTIVITY_TYPE_DETAIL": "Para cual deporte es este equipo?",
    "GEAR_NAME": "Nombre del equipo",
    "GEAR_NAME_DETAIL": "Dale al equipo un nombre (e.g. \"Zapatos Nike\")",
    "GEAR_ADD": "Agregar equipo",
    "GEAR_LIST": "Mi equipo",
    "GEAR_CONFIRM_DELETE": "Realmente quieres borrar este equipo y la información asociada a él?\nEsto no se puede deshacer.",
    "GEAR_NOT_ADDED": "No has agregado ningún equipo aún. Por favor ve y agrega alguno.",
    "BLE_SETTINGS_TITLE": "Ajustes de dispositivo",
    "BLE_SETTINGS": "Ajustes fitness del dispositivo",
    "BLE_SETTINGS_NOT_AVAILABLE": "FireRunner actualmente no soporta funciones de baja energía Bluetooth en este dispositivo.",
    "BLE_CONNECTED_DEVICE_TITLE": "Conectar dispositivo",
    "BLE_CONNECTION_WIZARD": "Guia de conexión de dispositivo",
    "BLE_CHOOSE_COMMAND": "Selecciona un comando para enviar al dispositivo",
    "BLE_SELECT_COMMAND": "-- Seleciona un comando --",
    "BLE_COMMAND_TOTAL_DAY_ACTIVITY": "Estadística total de actividad (hoy)",
    "BLE_COMMAND_DETAILED_DAY_ACTIVITY": "Estadística detallada de actividad (hoy)",
    "BLE_COMMAND_TOTAL_ACTIVITY": "Estadísticas totales de actividad (todas)",
    "BLE_COMMAND_VIBRATE": "Vibrar (2 seg.)",
    "BLE_COMMAND_GET_BIO_PROFILE": "Tomar perfil bio del rastreador",
    "BLE_COMMAND_SET_BIO_PROFILE": "Enviar perfil bio al rastreador",
    "BLE_COMMAND_GET_DEVICE_NAME": "Obtener nombre del rastreador de actividades",
    "BLE_COMMAND_START_ACTIVITY": "Start pedometer",
    "BLE_COMMAND_STOP_ACTIVITY": "Iniciar pedometro",
    "BLE_COMMAND_SET_TARGET_STEPS": "Definir meta de pasos (1230)",
    "BLE_COMMAND_GET_TARGET_STEPS": "Obtener meta de pasos",
    "BLE_COMMAND_SYNC_STATS": "Sincronizar estadísticas generales",
    "GENERIC_ERROR": "Ocurrió un error. Por favor intente nuevamente.",
    "FRIEND_LIST": "Mis amigos",
    "FRIEND_FIND": "Buscar en FireRunner",
    "FRIEND_FB": "Amigos de Facebook",
    "FRIEND_PROFILE": "Perfil de amigo",
    "SEARCH": "Buscar",
    "ADD_FRIEND": "Agregar amigo",
    "ADD_INVITE": "Invitar",
    "FRIEND": "Amigo",
    "NOT_FIRERUNNER_YET": "Aún no es un FireRunner",
    "INVITATION_SENT": "Invitación enviada",
    "ACCEPT_INVITATION": "Invitación aceptada",
    "FRIEND_REQUESTS": "Solicitud de amistad",
    "LIKES": "Me gusta",
    "DISLIKES": "No me gusta",
    "FRIEND_LIST_EMPTY": "No te has conectado con ningún amigo en tu cuenta FireRunner. Usa \"+\" or \"f\" para encontrar amigos en FireRunner o Facebook y conéctate con ellos.",
    "DO_LIKE": "Felicitar",
    "OPERATION_SUCCESS": "Hecho.",
    "RUN_COMPLETED": "Corrida completada!",
    "CLOSE": "Cerrar",
    "TRACKER_CONNECTED": "Rastreador fitness externo conectado",
    "SHARE_ACTIVITY": "Compartir rutina",
    "BLE_CONNECT": "Conectar con dispositivo",
    "FIRERUNNER_PROFILE": "Perfil FireRunner",
    "LETS_GO": "Vamos!",
    "GENERAL_STATS": "Tu día",
    "ACTIVITY_STATS": "Deportes",
    "YOUR_TIMELINE": "Linea del tiempo",
    "COMMENTS": "Comentarios",
    "ENTER_COMMENT": "Ingresa tu comentario",
    "POST_COMMENT": "Postear",
    "L_YOU": "Tu",
    "MY_EVENTS": "Mis eventos",
    "NO_EVENTS": "No has creado eventos aún.",
    "CREATE_EVENT": "Crear evento",
    "EDIT_EVENT": "Editar evento",
    "EVENT_TITLE": "Título de evento",
    "EVENT_TITLE_DETAIL": "Dale a tu evento un titulo prominente",
    "EVENT_DESCRIPTION": "Descripción del evento",
    "EVENT_DESCRIPTION_DETAIL": "Describe tu evento",
    "EVENT_DATE": "Fecha y hora",
    "EVENT_DATE_DETAIL": "Cuando va a acontecer tu evento",
    "EVENT_PLACE": "Lugar",
    "EVENT_PLACE_DETAIL": "Nombre del lugar donde va a acontecer el evento",
    "EVENT_ADDRESS": "Dirección",
    "EVENT_ADDRES_DETAIL": "Dirección del lugar (si está disponible)",
    "EVENT_ACTIVITY_TYPE": "Actividad",
    "EVENT_ACTIVITY_TYPE_DETAIL": "El tipo de actividad está relacionada con el evento.",    
    "EVENT_COMPLEXITY": "Complejidad",
    "EVENT_COMPLEXITY_DETAIL": "Descripción de la complejidad del evento (e.j. corrida de 10 km)",
    "EVENT_FORM_INVALID": "EL formulario no se ha completado correctamente. Por favor revise los campos y corrija los errores.",
    "EVENT_CONFIRM_DELETE": "Realmente quieres borrar el evento y toda la información asociada a él?\nEsta acción no puede deshacerse.",
    "EVENT_JOIN": "Unirse",
    "EVENT_REJECT": "Cancelar",
    "EVENT_PARTICIPANTS": "Participantes",
    "EVENT_PARTICIPANT": "Participante",
    "STATS_STEPS_DETAIL": "Estadísticas diarias de pasos",
    "PARTICIPANT_LIST_EMPTY": "Nadie ha confirmado participación en este evento o ha aceptado tu invitación.",
    "PARTICIPANTS_INVITE": "Invitar amigos",
    "PARTICIPANT_INVITE": "Invitar",
    "PARTICIPANTS_NO_FRIENDS": "No has conectado ningún amigo a tu cuenta FireRunner.",
    "MY_ACTIVITIES" : "Mis actividades",
    "LEADERBOARD": "Tabla de lideres",
    "SETTINGS_TRACKING": "Dispositivo rastreador",
    "SETTINGS_TRACKING_DETAIL": "Selecciona cual dispositivo debe ser usado para rastrear los pasos y la distancia.",
    "SETTINGS_TRACKING_PHONE": "Usar teléfono",
    "SETTINGS_TRACKING_DEVICE": "Usar rastreador externo",
    "RESET_CONFIRM": "Esto va a eliminar toda la información sin sincronizar y no puede ser reversado.\n Continuar?"
}
