﻿{
	"BTN_START": "Έναρξη",
	"BTN_PAUSE": "Παύση",
	"BTN_RESET": "Επαναφορά",
	"BTN_CONTINUE": "Συνέχεια",
	"BTN_SAVE": "Αποθήκευση",
	"BTN_DELETE": "Διαγραφή",
	"BTN_CANCEL": "Ακύρωση",
	"L_CONFIRM_DELETE_ACTIVITY": "Θέλετε να διαγραφεί η επιλεγμένη δραστηριότητα;",
	"L_KMH": "χλμ/ώρα",
	"L_MIH": "μίλια/ώρα",
	"L_M": "μ.",
	"L_METERS": "μέτρα",
	"L_KM": "χλμ.",
	"L_KILOMETERS": "χιλιόμετρα",
	"L_MI" : "μίλ.",
	"L_YD" : "γιάρδ.",
	"L_MILES" : "μίλια",
	"L_YARDS" : "γιάρδες",
	"L_MIN_KM" : "λεπτά/χλμ",
	"L_MIN_MI" : "λεπτά/μιλ",
	"SETTINGS_TITLE" : "Ρυθμίσεις",
	"AUDIO_CUES_TITLE" : "Λίστες μουσικής",
	"AUDIO_CUES_DETAIL" : "Αναπαραγωγή λίστας μουσικής όταν φτάσετε σε συγκεκριμένη απόσταση. Απαιτεί σύνδεση ιντερνέτ (μπορεί να έχει επιπλέον χρεώσεις).",
	"AUDIO_CUES_NEVER" : "Ποτέ",
	"AUDIO_CUES_100M" : "Κάθε 100 μ. / γιαρδ.",
	"AUDIO_CUES_1KM" : "Κάθε 1 χλμ. / μιλ.",
	"AUDIO_CUES_5KM" : "Κάθε 5 χλμ. / μιλ. ",
	"AUDIO_CUES_10KM" : "Κάθε 10 χλμ. / μιλ.",
	"LANG_TITLE" : "Γλώσσα",
	"LANG_DETAIL" : "Αλλαγή γλώσσας",
	"LANG_EN" : "Αγγλικά",
	"LANG_DE" : "Γερμανική",
	"LANG_GR" : "Ελληνική",
	"LANG_HU" : "Ούγγρος",
	"LANG_PL" : "Πολωνός",
	"LANG_PT" : "Πορτογάλος",
	"LANG_RU" : "Ρώσικα",
	"LANG_UK" : "Ουκρανικά",
    "LANG_BN" : "μπενγκάλι",
    "LANG_ES" : "ισπανικά",
	"MENU_HOME": "Αρχή",
	"MENU_ACTIVITIES": "Δραστηριότητες",
	"MENU_PROFILE": "Προφίλ",
	"MENU_MUSIC": "Μουσική",
	"MENU_SETTINGS": "Ρυθμίσεις",
	"DATA_NO_ACTIVITIES": "Δεν έχετε ακόμη αποθηκευμένες δραστηριότητες.",
	"DATA_TITLE": "Δραστηριότητες",
	"MUSIC_NOT_SUPPORTED": "Αυτή η συσκευή δεν υποστηρίζει μουσικές λειτουργίες.",
	"DEMO_MODE" :  "Λειτουργία επίδειξης",
	"DEMO_MODE_DETAIL": "Επιτρέπει την προσομοίωση δραστηριοτήτων",
	"L_NO" : "Όχι",
	"L_YES" : "Ναι",
	"L_SEARCHING_LOCATION" : "Καθορισμός της θέσης σας με χρήση GPS...",
	"L_LOCATION_ERROR" : "Η τοποθεσία σας δεν βρέθηκε. Βεβαιωθείτε ότι οι υπηρεσίες GPS είναι ενεργοποιημένες στη συσκευή σας.",
	"L_RETRY" : "Επανάληψη",
	"L_PROFILE_TITLE" : "Προφίλ",
	"L_PROFILE_NOT_CONNECTED" : "Δεν έχετε ακόμα λογαριασμό;",
	"L_CONNECT" : "Σύνδεση",
	"L_DISCONNECT" : "Αποσύνδεση",
	"L_SYNC" : "Συγχρονίστε",
	"RESET" : "Επαναφορά",
	"RESET_DETAIL": "Επαναφορά στις αρχικές ρυθμίσεις.",
	"L_UNITS_TITLE": "Μονάδες",
	"L_UNITS_DETAILS": "Επιλέξτε σύστημα μετρικό (χμλ.) ή US (μίλια)",
	"L_UNITS_METRIC": "Μετρικό",
	"L_UNITS_US": "US",
	"L_SPEED_MODE": "Ένδειξη ταχύτητας",
	"L_SPEED_MODE_DETAILS": "Επιλέξτε ταχύτητα (χμλ/ώρα, μίλια/ώρα) ή βήματα (λεπτά/χμλ, λεπτά/μίλι)",
	"L_SPEED": "Ταχύτητα",
	"L_PACE": "Βήματα",
	"L_DOWNLOAD_CONTENT" : "Κατεβάστε έξτρα περιεχόμενο",
	"L_DOWNLOAD_CONTENT_DETAILS" : "Κατεβάστε περιεχόμενο (λίστες αναπαραγωγής) αυτόματα. Απαιτεί σύνδεση ιντερνέτ (μπορεί να έχει επιπλέον χρεώσεις).",
	"L_EMAIL": "Εμαιλ",
	"L_PASSWORD": "Κωδικός",
	"L_CREATE_PROFILE": "Δημιουργία προφίλ",
	"L_FACEBOOK_CONNECT" : "Συνδεθείτε μέσω Facebook",
	"L_FORGOT_PASSWORD" : "Ξεχάσατε τον κωδικό;",
	"L_LOGIN_ERROR" : "Ο συνδυασμός ηλεκτρονικής διεύθυνσης και κωδικού δεν βρέθηκε. Παρακαλώ δοκιμάστε πάλι",
	"L_CONFIRM_PASSWORD" : "Επιβεβαίωση κωδικού",
	"L_NAME" : "Το όνομά σας",
	"L_SIGNUP_ERROR" : "Κατά την εγγραφή παρουσιάστηκε σφάλμα:",
	"L_SEND_PASSWORD" : "Αποστολή κωδικού",
	"L_PASSWORD_SENT" : "Ο κωδικός στάλθηκε στη διεύθυνση ηλεκτρονικού ταχυδρομείου σας. Παρακαλώ δείτε στα εισερχόμενά σας και έχετε υπόψη ότι μερικές φορές μπορεί κάποιο μήνυμα να πάει χωρίς ιδιαίτερο λόγο στα ανεπιθύμητα.",
	"L_PASSWORD_ERROR" : "Κατά την αποστολή κωδικού παρουσιάστηκε σφάλμα: ",
	"L_INVALID_TICKET": "Απέτυχε η επικύρωση στο Firefox Marketplace. Η εφαρμογή θα τερματιστεί. Παρακαλώ προσπαθήστε να κάνετε νέα εγκατάσταση.",
	"L_NEWS": "Ειδήσεις",
	"L_NEWS_KEYWORD": "αθλητισμός",
	"L_NEWS_BACK" : "Επιστροφή στα νέα",
	"L_NEWS_ARTICLE" : "Διαβάστε το άρθρο",
	"GPS_ACCURACY" : "Minimum GPS accuracy",
	"GPS_ACCURACY_DETAIL" : "Minimum allowed GPS accuracy.",
	"GPS_150M" : "150 m / yd",
	"GPS_500M" : "500 m / yd",
	"GPS_1000M" : "1 km / mi",
	"GPS_UM" : "Not limited"
}