﻿{
    "BTN_START": "शुरु",
    "BTN_PAUSE": "ठहराव",
    "BTN_RESET": "रीसेट",
    "BTN_CONTINUE": "जारी रखें",
    "BTN_SAVE": "रक्षा",
    "BTN_FINISH": "समाप्त",
    "BTN_DELETE": "हटाना",
    "BTN_EDIT": "संपादित",
    "BTN_CANCEL": "रद्द करना",
    "L_CONFIRM_DELETE_ACTIVITY": "वास्तव में चुने गतिविधि मिटाना चाहते हैं?",
    "L_KMH": "कि.मी./प्रति घंटे",
    "L_MIH": "मील/प्रति घंटा",
    "L_M": "मी.",
    "L_CM": "सी.मी.",
    "L_METERS": "मीटर",
    "L_KM": "कि.मी.",
    "L_KILOMETERS": "किलोमीटर",
    "L_MI": "मील",
    "L_YD": "गज",
    "L_MILES": "मीलों",
    "L_YARDS": "गज",
    "L_MIN_KM": "मि.न. / कि.मी.",
    "L_MIN_MI": "मि.न. / मील",
    "L_KG": "कि.ग्राम",
    "L_INCHES": "इंच",
    "L_POUNDS": "पाउंड (एल.बी.एस)",
    "L_SLEEP_EFFICIENCY": "% नींद दक्षता",
    "L_RUNNING_STEPS": "चलाने के लिए विधि",
    "L_STEPS": "विधि",
    "L_CALORIES_BURNT": "दग्ध कि.कैलोरी",
    "L_CALORIES": "कि.कैलोरी",
    "L_DISTANCE": "दूरी",
    "L_TODAY": "आज",
    "L_YESTERDAY": "कल",
    "L_WEATHER": "मोसम",
    "L_SHARE": "विभाग",
    "SETTINGS_TITLE": "अस्त",
    "AUDIO_CUES_TITLE": "ऑडियो संकेत",
    "AUDIO_CUES_DETAIL": "विशेष डिस्पान्स (dispance) पर पहुंच गया जब ऑडियो क्यू खेलो। इंटरनेट कनेक्शन (अतिरिक्त शुल्क लागू हो सकते हैं) की आवश्यकता है।",
    "AUDIO_CUES_NEVER": "कभी नहीँ",
    "AUDIO_CUES_100M": "हर सौ मीटर/गज़",
    "AUDIO_CUES_1KM": "हर एक कि.मी./मील",
    "AUDIO_CUES_5KM": "हर पांच कि.मी./मील",
    "AUDIO_CUES_10KM": "हर दस कि.मी./मील",
    "AUDIO_CUES_ACTIVITY_STARTED": "क्रिया शुरु",
    "AUDIO_CUES_ACTIVITY_PAUSED": "क्रिया ठहराव",
    "AUDIO_CUES_ACTIVITY_FINISHED": "क्रिया समाप्त",
    "AUDIO_CUES_ACTIVITY_RESET": "क्रिया रीसेट",
    "LANG_TITLE": "भाषा",
    "LANG_DETAIL": "बदले इंटरफ़ेस भाषा",
    "LANG_EN": "अंग्रेजी",
    "LANG_DE": "जर्मन",
    "LANG_GR": "यूनानी",
    "LANG_HU": "बल्गार",
    "LANG_PL": "पोलिश",
    "LANG_PT": "पुर्तगाली",
    "LANG_RU": "रूसी",
    "LANG_UK": "यूक्रेनियाई",
    "LANG_BN": "बंगाली",
    "LANG_ES": "स्पेनिश",
    "LANG_HI": "हिंदी",
    "MENU_HOME": "घर (होम)",
    "MENU_ACTIVITIES": "क्रियाएँ",
    "MENU_PROFILE": "सामाजिक",
    "MENU_MUSIC": "संगीत",
    "MENU_SETTINGS": "सेटिंग्स",
    "MENU_NEWS": "समाचार",
    "MENU_BIODATA": "जीवनी विवरण",
    "MENU_EVENTS": "स्पर्धाएँ",
    "DATA_NO_ACTIVITIES": "आप अभी तक किसी भी गतिविधियों को बचाया नहीं है",
    "DATA_TITLE": "क्रियाएँ",
    "MUSIC_NOT_SUPPORTED": "यह युक्ति संगीत समारोहों का समर्थन नहीं करता।",
    "DEMO_MODE": "प्रदर्शन ढंग",
    "DEMO_MODE_DETAIL": "गतिविधि सिमुलेशन (Simulation) सक्षम करता है",
    "DEBUG_MODE": "डीबग ढंग",
    "DEBUG_MODE_DETAIL": "प्रवेश और डिबगिंग सक्षम करता है",
    "USE_LOCATION_POLL": "प्रयोग करें स्थान मत",
    "USE_LOCATION_POLL_DETAIL": "पोल स्थान का प्रयोग समय-समय पर करने के बिल्ट-इन उपयोग कर निर्मित में स्थान परिवर्तन की अधिसूचना",
    "L_NO": "नहीँ",
    "L_YES": "हाँ",
    "L_SEARCHING_LOCATION": "जी.पी.एस का उपयोग कर अपने वर्तमान स्थान का निर्धारण चालू…",
    "L_LOCATION_ERROR": "स्थान निर्धारित नहीं किया जा सकता है। जी.पी.एस सेवाओं अपने डिवाइस पर सक्षम हैं कि सुनिश्चित करें।",
    "L_RETRY": "पुन: प्रयास करें / फिर से कोशिश करें",
    "L_PROFILE_TITLE": "मेरा प्रोफाइल",
    "L_PROFILE_NOT_CONNECTED": "आप के पास किसी भी तरह का खाता है क्या?",
    "L_CONNECT": "जोड़",
    "L_DISCONNECT": "बाहर प्रवेश करें",
    "L_SYNC": "सर्वर के साथ सिंक्रनाइज़",
    "RESET": "रीसेट",
    "RESET_DETAIL": "मूलभूत मान को रीसेट करें",
    "L_UNITS_TITLE": "इकाइयों",
    "L_UNITS_DETAILS": "मीट्रिक इकाइयों (कि.मी) या अमेरिका (यू एस) इकाइयों के बीच (एम.आई) चुनें",
    "L_UNITS_METRIC": "मीट्रिक",
    "L_UNITS_US": "अमेरिका (यू एस)",
    "L_SPEED_MODE": "तेज़ी प्रदर्शन ढंग",
    "L_SPEED_MODE_DETAILS": "गति (किमी / घंटा, मील / घंटा) या गति (न्यूनतम / किमी, मिनट / मील) के बीच का चयन करें",
    "L_SPEED": "तेज़ी",
    "L_PACE": "गति",
    "L_DOWNLOAD_CONTENT": "अतिरिक्त सामग्री डाउनलोड",
    "L_DOWNLOAD_CONTENT_DETAILS": "प्लेलिस्ट जैसे सामग्री डाउनलोड करने केलिए इंटरनेट जरूरी है (अतिरिक्त शुल्क लागू हो सकते हैं)",
    "L_EMAIL": "ईमेल",
    "L_PASSWORD": "पारण शब्द",
    "L_CREATE_PROFILE": "प्रोफ़ाइल बनाएँ",
    "L_FACEBOOK_CONNECT": "फेसबुक के साथ कनेक्ट करें",
    "L_FORGOT_PASSWORD": "पारण शब्द भूल गए?",
    "L_LOGIN_ERROR": "ईमेल पते और पारण शब्द का संयोजन नहीं मिला था। अपने इनपुट की जाँच करें और पुन: प्रयास करें।",
    "L_CONFIRM_PASSWORD": "पारण शब्द पुष्टि",
    "L_NAME": "आप का नाम",
    "L_SIGNUP_ERROR": "त्रुटि पंजीकरण के दौरान हुई है",
    "L_SEND_PASSWORD": "पारण शब्द भेजें",
    "L_PASSWORD_SENT": "पारण शब्द सफलतापूर्वक निर्दिष्ट ईमेल पते पर भेजा गया था। अपने इनबॉक्स की जाँच करें। इन संदेशों को स्पैम फ़ोल्डर में जाना नहीं है, इसलिए नियमित रूप से अपने इनबॉक्स की कृपया जाँच करें ।",
    "L_PASSWORD_ERROR": "पारण शब्द भेजने के दौरान त्रुटि",
    "L_INVALID_TICKET": "फ़ायरफ़ॉक्स बाज़ार रसीद सत्यापन असफल हुआ है। प्रोग्राम अब बाहर निकल जाएगा। बाज़ार से प्रोग्राम फिर से स्थापित करने की कोशिश करें।",
    "L_NEWS": "समाचार",
    "L_NEWS_KEYWORD": "खेल",
    "L_NEWS_BACK": "वापस समाचार सूची में",
    "L_NEWS_ARTICLE": "लेख पढ़ें",
    "GPS_ACCURACY": "न्यूनतम जी.पी.एस सटीकता",
    "GPS_ACCURACY_DETAIL": "न्यूनतम जीपीएस सटीकता की अनुमति",
    "GPS_20M": "बीस मीटर / गज",
    "GPS_50M": "पचास मीटर / गज",
    "GPS_150M": "एक सौ पचास मीटर / गज",
    "GPS_500M": "पांच सौ मीटर / गज",
    "GPS_1000M": "एक किलोमीटर / मील",
    "GPS_UM": "सीमित नहीं है",
    "L_SPEED_TITLE": "गति",
    "L_DISTANCE_TITLE": "दूरी",
    "L_TIME_TITLE": "समय",
    "T_NEWS": "समाचार",
    "L_NEWS_ORIGINAL": "मूल पढ़ें",
    "L_LOADING": "लदाई",
    "L_TOTAL_DISTANCE": "कुल दूरी",
    "L_RUNS": "क्रियाएँ",
    "L_AVERAGE_PACE": "औसत गति",
    "L_BIO_PROFILE_TITLE": "जैव प्रोफ़ाइल",
    "L_BIO_PROFILE_EDIT": "जैव प्रोफाइल संपादित करें",
    "L_BIO_GENDER": "लिंग",
    "L_BIO_GENDER_DETAIL": "आपका लिंग (जला कैलोरी की सटीक गणना के लिए इस्तेमाल किया गया है)",
    "L_BIO_GENDER_MALE": "पुरुष",
    "L_BIO_GENDER_FEMALE": "स्त्री",
    "L_BIO_AGE": "उम्र",
    "L_BIO_AGE_DETAIL": "फिलहाल आपका उम्र (पूर्ण वर्ष)",
    "L_BIO_HEIGHT": "ऊंचाई",
    "L_BIO_HEIGHT_DETAIL": "सेंटीमीटर या इंच में अपनी ऊंचाई",
    "L_BIO_WEIGHT": "वजन",
    "L_BIO_WEIGHT_DETAIL": "किलोग्राम या पाउंड में अपने वजन",
    "L_BIO_STRIDE": "प्रगति लंबाई",
    "L_BIO_STRIDE_DETAIL": "सेंटीमीटर या इंच में अपनी प्रगति की लंबाई",
    "L_NO_RUNS": "आपने कोई भी गतिविधियाँ बचाया नहीं है",
    "L_START_RUNNING": "चलो चले",
    "L_NO_BIO_PROFILE": "आपने अभी तक अपने जैव प्रोफाइल भरा नहीं है। कृपया उसे ख़तम करें।",
    "L_FILL_BIO_PROFILE": "जैव प्रोफ़ाइल भरें",
    "L_BASIC_RUN": "मूल भाग",
    "L_RUNNING": "दौड़",
    "L_WALKING": "चलना",
    "L_HIKING": "पर्वतारोहण",
    "L_BIKING": "बाइकिंग",
    "L_ROLLER": "रोलर ब्लेड",
    "L_SKIING": "स्कीइंग",
    "L_NO_GOAL_SET": "आपको वर्तमान में एक दैनिक लक्ष्य नहीं है।",
    "L_SET_GOAL": "एक लक्ष्य निर्धारित करें",
    "L_REMOVE_GOAL": "लक्ष्य निकालें",
    "L_UPDATE_GOAL": "लक्ष्य अद्यतन करें",
    "GOAL_TYPE_TITLE": "दैनिक लक्ष्य के प्रकार",
    "GOAL_TYPE_DETAIL": "लक्ष्य के प्रकार: सबसे लंबे समय तक दूरी, सबसे लंबे समय तक गतिविधि समय या जला दिया गया अधिकतम कैलोरी",
    "GOAL_TYPE_DISTANCE": "दूरी",
    "GOAL_TYPE_DURATION": "अवधि",
    "GOAL_TYPE_CALORIES": "कैलोरी",
    "GOAL_TYPE_STEPS": "कदम",
    "GOAL_DISTANCE": "दूरी",
    "GOAL_DISTANCE_DETAIL": "जितना किलोमीटर या मील की संख्या आप हर दिन करना चाहते हैं",
    "GOAL_STEPS": "कदम",
    "GOAL_STEPS_DETAIL": "जितने चरणों की संख्या आप हर दिन करना चाहते हैं",
    "GOAL_DURATION": "अवधि",
    "GOAL_DURATION_DETAIL": "आप हर दिन में अगर गतिविधियों केलिए कितना समय देना चाहते हैं",
    "GOAL_CALORIES": "कैलोरी",
    "GOAL_CALORIES_DETAIL": "हर दिन कितना कैलोरी जलाने चाहते हैं",
    "L_FIRERUNNER_SINCE": "फिररनर {{ reg }}",
    "L_SINCE": "से {{ reg }}",
    "L_TRACKED": "का ट्रैक रखने",
    "L_PERSONAL_RECORDS": "व्यक्तिगत अभिलेख",
    "L_LONGEST_RUN": "सबसे दूरी",
    "L_FASTEST_RUN": "सर्वोत्तम पेस",
    "L_FASTEST_5KM": "सबसे तेज पांच कि.मी",
    "L_FASTEST_5MI": "सबसे तेज पांच मील",
    "L_FASTEST_10KM": "सबसे तेज दस कि.मी",
    "L_FASTEST_10MI": "दस मील",
    "L_ADVANCED_SETTINGS": "उन्नत सेटिंग",
    "L_SIGNUP_FACEBOOK": "साइनअप करें फेसबुक के साथ",
    "L_SIGNUP_EMAIL": "साइनअप करें ईमेल के साथ",
    "L_STEPS_TRACKER_SETUP": "सेटअप को ट्रैक करने के लिए कदम",
    "L_STEPS_TRACKER_OPTIONS": "आप अपने कदम गिनती करने के लिए अपने फोन का उपयोग करना चाहते हैं या एक <br /> ट्रैकर  उपयोग करना चाहते हैं?",
    "L_STEPS_TRACKER_USE_PHONE": "प्रयोग करें फोन को",
    "L_STEPS_TRACKER_USE_EXTERNAL": "ट्रैकर को सम्बन्ध करें",
    "L_SKIP": "छोड़ें",
    "L_NEXT": "अगला",
    "L_DONE_HEADER": "समाप्त",
    "L_GET_READY": "स्थानांतरित करने के लिए तैयार हो जाइए",
    "L_DONE": "समाप्त",
    "L_BACK": "वापस",
    "L_SEND": "भेजें",
    "L_LOGIN": "लॉगिन",
    "L_NEW_USER": "नई उपयोगकर्ता",
    "LAUNCH_TRACK": "एक स्वस्थ जीवन जीने के लिए अपनी गतिविधियों + अपनी <br /> नींद को ट्रैक रखें",
    "LAUNCH_CAPTURE": "अपना जीपीएस या फ़ोन के दौरान आपका <br /> गतिविधि के बारे में जानकारी रखिये",
    "LAUNCH_CONNECT": "नींद की गिनती <br /> + नींद की निगरानी रखने के लिए अपने फोन को एक ट्रैकर के साथ सम्बद्ध करें",
    "LAUNCH_FRIENDS": "कनेक्ट + दोस्त बनाये <बर /> बनानेप्रतिस्पर्धा + एक साथ सक्रिय हो",
    "LAUNCH_ACCOMPLISMENTS": "उपलब्धियां लीजिए",
    "LAUNCH_OFFERS": "प्रस्ताव पाना",
    "LAUNCH_HEALTH": "स्वस्थ रहें",
    "LAUNCH_START": "शुरू कीजिये",
    "T_TRACKER_SETUP": "ट्रैकर सेटअप",
    "T_STEP1": "प्रथम क़दम",
    "T_STEP2": "दूसरा क़दम",
    "T_STEP3": "तीसरा क़दम",
    "T_TURN_ON": "ट्रैकर को चालू करें",
    "T_PAIRING": "ट्रैकर के साथ संसर्ग",
    "T_PAIRED": "ट्रैकर संसर्ग सफल बनी",
    "TRACKER_CONNECTION_ERROR": "ट्रैकर से कनेक्ट करने में त्रुटि थी। पुन: प्रयास करें।",
    "PROFILE_PRIVACY_TITLE": "प्रोफ़ाइल गोपनीयता",
    "PROFILE_PRIVACY_DETAIL": "अपने प्रोफ़ाइल को जो देख सकते हैं उनको निर्धारित करता है",
    "PROFILE_PRIVACY_PUBLIC": "सार्वजनिक",
    "PROFILE_PRIVACY_FRIENDS": "दोस्त",
    "PROFILE_PRIVACY_PRIVATE": "निजी",
    "AUTO_PAUSE_TITLE": "स्वचालित गतिविधि का ठहराव",
    "AUTO_PAUSE_DETAIL": "आदि कॉल होते समय गतिविधि का स्वचालित ठहराव",
    "L_OK": "ठीक है",
    "L_GEAR": "मेरे सामान",
    "L_MANAGE_GEAR": "सामान का सम्भालन",
    "GEAR_ACTIVITY_TYPE": "गतिविधि का प्रकार",
    "GEAR_ACTIVITY_TYPE_DETAIL": "यह किस खेल का सामान है?",
    "GEAR_NAME": "सामान का नाम",
    "GEAR_NAME_DETAIL": "सामान का नाम दीजिये (उदाहरण: नाइके शूज)",
    "GEAR_ADD": "सामान जोड़ें",
    "GEAR_LIST": "मेरे सामान",
    "GEAR_CONFIRM_DELETE": "वास्तव में इस गियर और संबद्ध जानकारी मिटाना चाहते हैं? इसको लौटाया नहीं जा सकता।",
    "GEAR_NOT_ADDED": "आप अभी तक कोई भी सामान जोड़ा नहीं हैं. कृपया सामान जोड़ना शुरू करें",
    "BLE_SETTINGS_TITLE": "युक्ति का सेटिंग्स",
    "BLE_SETTINGS": "स्वास्थ्य युक्ति का सेटिंग्स",
    "BLE_SETTINGS_NOT_AVAILABLE": "फेयर ररनर वर्तमान में इस युक्तियाँ पर ब्लूटूथ कम ऊर्जा कार्यों का समर्थन नहीं करता है।",
    "BLE_CONNECTED_DEVICE_TITLE": "जुड़ा हुआ युक्ति",
    "BLE_CONNECTION_WIZARD": "युक्ति जोड़नेवला विज़ार्ड",
    "BLE_CHOOSE_COMMAND": "युक्ति को भेजने के लिए एक आदेश चुनें",
    "BLE_SELECT_COMMAND": "--आदेश चुनें--",
    "BLE_COMMAND_TOTAL_DAY_ACTIVITY": "कुल गतिविधि आँकड़े (आज)",
    "BLE_COMMAND_DETAILED_DAY_ACTIVITY": "विस्तृत गतिविधि आँकड़े (आज)",
    "BLE_COMMAND_TOTAL_ACTIVITY": "कुल गतिविधि आँकड़े (सभी)",
    "BLE_COMMAND_VIBRATE": "थरथाना (दो सेकंड)",
    "BLE_COMMAND_GET_BIO_PROFILE": "ट्रैकर से जैव प्रोफाइल निखालो",
    "BLE_COMMAND_SET_BIO_PROFILE": "जैव प्रोफाइल को ट्रैकर को भेजिए",
    "BLE_COMMAND_GET_DEVICE_NAME": "ट्रैकर डिवाइस का नाम प्राप्त करें",
    "BLE_COMMAND_START_ACTIVITY": "पैडोमीटर प्रारंभ करें",
    "BLE_COMMAND_STOP_ACTIVITY": "पैडोमीटर बंध करें",
    "BLE_COMMAND_SET_TARGET_STEPS": "लक्ष्य विधि पक्का कीजिये (1230)",
    "BLE_COMMAND_GET_TARGET_STEPS": "लक्ष्य विधि पाइए",
    "BLE_COMMAND_SYNC_STATS": "सामान्य सांख्यिकी सिंक्रनाइज़",
    "GENERIC_ERROR": "कनेक्शन त्रुटि। फिर से कोशिश करें",
    "FRIEND_LIST": "मेरे मित्र / मेरे दोस्त",
    "FRIEND_FIND": "फिर रनर में ढूंढो",
    "FRIEND_FB": "फेसबुक मित्र / फेसबुक दोस्त",
    "FRIEND_PROFILE": "मित्र का प्रोफ़ाइल / दोस्त का प्रोफाइल",
    "SEARCH": "खोज",
    "ADD_FRIEND": "दोस्त जोड़ें / मित्र जोड़ें",
    "ADD_INVITE": "आमंत्रण",
    "FRIEND": "दोस्त / मित्र",
    "NOT_FIRERUNNER_YET": "फिर रनर अभी थक नहीं बने",
    "INVITATION_SENT": "निमंत्रण बज दिया गया है",
    "ACCEPT_INVITATION": "निमंत्रण को स्वीकार करो",
    "FRIEND_REQUESTS": "दोस्तों का अनुरोध / मित्रों का अनुरोध",
    "LIKES": "पसंद",
    "DISLIKES": "नापसंद",
    "FRIEND_LIST_EMPTY": "आप अपने फिररनर के दौरान दोस्तों से मिलावट नहीं किया था। फिररनर या फेसबुक के दौरान दोस्तों से मिलने के लिए \"+\"or \"f\"का प्रयाग करें",
    "DO_LIKE": "बधाईयाँ",
    "OPERATION_SUCCESS": "समाप्त",
    "RUN_COMPLETED": "दौड़ पूरी की",
    "CLOSE": "बंद",
    "TRACKER_CONNECTED": "बाहरी फिटनेस ट्रैकर जुड़ा हुआ है",
    "SHARE_ACTIVITY": "व्यायाम को बाँट लो",
    "BLE_CONNECT": "युक्ति से जोड़िये",
    "FIRERUNNER_PROFILE": "फिररनर प्रोफाइल",
    "LETS_GO": "चलो चले",
    "GENERAL_STATS": "आपका दिन",
    "ACTIVITY_STATS": "खेल",
    "YOUR_TIMELINE": "चारा",
    "COMMENTS": "टिप्पणी",
    "ENTER_COMMENT": "अपनी टिप्पणी पाठ दर्ज करें",
    "POST_COMMENT": "डाक",
    "L_YOU": "आप",
    "MY_EVENTS": "मेरी गतिविधियाँ",
    "NO_EVENTS": "आपने अभी तक कोई भी गतिविधियाँ बनाया है",
    "CREATE_EVENT": "घटना बनाएँ",
    "EDIT_EVENT": "घटना को संपादित करें",
    "EVENT_TITLE": "घटना शीर्षक",
    "EVENT_TITLE_DETAIL": "आपके घटना के एक प्रमुख शीर्षक दे",
    "EVENT_DESCRIPTION": "घटना विवरण",
    "EVENT_DESCRIPTION_DETAIL": "अपने घटना का वर्णन करें",
    "EVENT_DATE": "दिनांक और समय",
    "EVENT_DATE_DETAIL": "आपका घटना कब होनेवाला है",
    "EVENT_PLACE": "जगह",
    "EVENT_PLACE_DETAIL": "घटना होने वाला जगह का नाम",
    "EVENT_ADDRESS": "पता",
    "EVENT_ADDRES_DETAIL": "जगह का पता (यदि उपलब्ध हो)",
    "EVENT_ACTIVITY_TYPE": "कार्यकलाप",
    "EVENT_ACTIVITY_TYPE_DETAIL": "यह गतिविधि और घटना के साथ संबंध",
    "EVENT_COMPLEXITY": "जटिलता",
    "EVENT_COMPLEXITY_DETAIL": "घटना जटिलता विवरण (दस कि.मी. दौड़)",
    "EVENT_FORM_INVALID": "फार्म सही ढंग से नहीं भरा है। खेतों की जाँच करें और गलतियों को ठीक करें",
    "EVENT_CONFIRM_DELETE": "वास्तव में इस घटना और संबद्ध जानकारी मिटाना चाहते हैं? इसको लौटाया नहीं जा सकता।",
    "EVENT_JOIN": "शामिल",
    "EVENT_REJECT": "रद्द करना",
    "EVENT_PARTICIPANTS": "प्रतिभागियों",
    "EVENT_PARTICIPANT": "प्रतिभागी",
    "STATS_STEPS_DETAIL": "कदम दैनिक आँकड़े",
    "PARTICIPANT_LIST_EMPTY": "कोई भी अभी तक इस घटना में भाग लेने की पुष्टि या आपका आमंत्रण स्वीकार किया है",
    "PARTICIPANTS_INVITE": "मित्रों को आमंत्रित करें",
    "PARTICIPANT_INVITE": "आमंत्रण",
    "PARTICIPANTS_NO_FRIENDS": "आप अपने फिररनर खाते में किसी भी दोस्त कनेक्ट नहीं किया।",
    "MY_ACTIVITIES": "मेरी गतिविधियां",
    "LEADERBOARD": "लीडरबोर्ड",
    "SETTINGS_TRACKING": "पता चलाने वाला यंत्र",
    "SETTINGS_TRACKING_DETAIL": "कदम और दूरी पर नज़र रखने के लिए युक्ति चुनिए",
    "SETTINGS_TRACKING_PHONE": "फोन का प्रयोग करें",
    "SETTINGS_TRACKING_DEVICE": "बाहरी ट्रैकर की का इस्तेमाल करें",
    "RESET_CONFIRM": "यह कार्य सब असमन्वयित जानकारी को हटा देगा और इसे पूर्ववत नहीं किया जा सकता है। \n जारी रखें?",
    "TOOLS": "उपकरण",
    "SYNC_TRACKER": "आयात ट्रैकर सांख्यिकी",
    "LEADERBOARD_TYPE": "लीडरबोर्ड प्रकार",
    "LEADERBOARD_TYPE_DISTANCE": "दूरी",
    "LEADERBOARD_TYPE_STEPS": "कदम",
    "LEADERBOARD_EMPTY": "आपका लीडरबोर्ड खाली है",
    "SYNC_PEDOMETER": "आयात फ़ोन कदम गिनती",
    "TIME_SPLIT": "समय विभाजित",
    "IMPORT_CONNECT_EXTERNAL_APPS": "बाहरी अनुप्रयोगों कनेक्ट करो",
    "IMPORT_NO_ACTIVITIES": "गतिविधियों जो पायागया है वो आयात के लिए उपयुक्त नहीं है",
    "IMPORT_FROM_RUNKEEPER": "रुनकीपर से आयात करो",
    "IMPORT_FROM_MAPMYRUN": "मैप माय रन से आयात करो",
    "ACTIVITY_TITLE": "कार्यकलाप",
    "MUSIC_FOLDER_ARTISTS": "कलाकार",
    "MUSIC_FOLDER_ALBUMS": "संग्राहिक",
    "MUSIC_FOLDER_INTERNET_RADIO": "इंटरनेट रेडियो",
    "MUSIC_FOLDER_PLAYLISTS": "प्लेलिस्ट",
    "MUSIC_FOLDER_FOLDERS": "गड़रिया",
    "SEE_MORE": "और देखिये",
    "LEADERBOARD_WEEKLY_TYPE": "यह हफ़्ता लीडरबोर्ड का",
    "L_WEEK": "हफ़्ता",
    "SOFTWARE_LICENSING_INFO": "सॉफ्टवेयर लाइसेंस जानकारी"
}
