﻿{
	"BTN_START": "Start",
	"BTN_PAUSE": "Pause",
	"BTN_RESET": "Reset",
	"BTN_CONTINUE": "Continue",
	"BTN_SAVE": "Save",
	"BTN_DELETE": "Delete",
	"BTN_CANCEL": "Cancel",
	"L_CONFIRM_DELETE_ACTIVITY": "Really delete the selected activity?",
	"L_KMH": "km/h",
	"L_MIH": "mi/h",
	"L_M": "m.",
	"L_METERS": "meters",
	"L_KM": "km.",
	"L_KILOMETERS": "kilometers",
	"L_MI" : "mi.",
	"L_YD" : "yds.",
	"L_MILES" : "miles",
	"L_YARDS" : "yards",
	"L_MIN_KM" : "min/km",
	"L_MIN_MI" : "min/mi",
	"SETTINGS_TITLE" : "Settings",
	"AUDIO_CUES_TITLE" : "Audio cues",
	"AUDIO_CUES_DETAIL" : "Play audio cues when particular dispance reached. Requires internet connection (additional charges may apply).",
	"AUDIO_CUES_NEVER" : "Never",
	"AUDIO_CUES_100M" : "Every 100 m. / yd.",
	"AUDIO_CUES_1KM" : "Every 1 km. / mi.",
	"AUDIO_CUES_5KM" : "Every 5 km. / mi. ",
	"AUDIO_CUES_10KM" : "Every 10 km. / mi.",
	"LANG_TITLE" : "Language",
	"LANG_DETAIL" : "Change interface language",
	"LANG_EN" : "English",
	"LANG_DE" : "German",
	"LANG_GR" : "Greek",
	"LANG_HU" : "Hungarian",
	"LANG_PL" : "Polish",
	"LANG_PT" : "Portuguese",
	"LANG_RU" : "Russian",
	"LANG_UK" : "Ukrainian",
    "LANG_BN" : "Bengali",
    "LANG_ES" : "Spanish",
	"MENU_HOME": "Home",
	"MENU_ACTIVITIES": "Activities",
	"MENU_PROFILE": "Profile",
	"MENU_MUSIC": "Music",
	"MENU_SETTINGS": "Settings",
	"DATA_NO_ACTIVITIES": "You dont have saved activities yet.",
	"DATA_TITLE": "Activities",
	"MUSIC_NOT_SUPPORTED": "This device doesn't support music functions.",
	"DEMO_MODE" :  "Demo mode",
	"DEMO_MODE_DETAIL": "Enables activity simulation",
	"L_NO" : "No",
	"L_YES" : "Yes",
	"L_SEARCHING_LOCATION" : "Determining your current location using GPS...",
	"L_LOCATION_ERROR" : "Location could not be determined. Please make sure that GPS services are enabled on your device.",
	"L_RETRY" : "Retry",
	"L_PROFILE_TITLE" : "Profile",
	"L_PROFILE_NOT_CONNECTED" : "Do not have an account?",
	"L_CONNECT" : "Connect",
	"L_DISCONNECT" : "Disconnect",
	"L_SYNC" : "Sync",
	"RESET" : "Reset",
	"RESET_DETAIL": "Reset to default values",
	"L_UNITS_TITLE": "Units",
	"L_UNITS_DETAILS": "Choose between metric units (km) or US units (mi)",
	"L_UNITS_METRIC": "Metric",
	"L_UNITS_US": "US",
	"L_SPEED_MODE": "Speed display mode",
	"L_SPEED_MODE_DETAILS": "Choose between speed (km/h, mi/h) or pace (min/km, min/mi)",
	"L_SPEED": "Speed",
	"L_PACE": "Pace",
	"L_DOWNLOAD_CONTENT" : "Download extra content",
	"L_DOWNLOAD_CONTENT_DETAILS" : "Download content (like playlists) automatically. Requires internet connection (additional charges may apply).",
	"L_EMAIL": "Email",
	"L_PASSWORD": "Password",
	"L_CREATE_PROFILE": "Create profile",
	"L_FACEBOOK_CONNECT" : "Connect with Facebook",
	"L_FORGOT_PASSWORD" : "Forgot password?",
	"L_LOGIN_ERROR" : "The combination of email address and password was not found. Please check your input and try again.",
	"L_CONFIRM_PASSWORD" : "Password confirmation",
	"L_NAME" : "Your name",
	"L_SIGNUP_ERROR" : "An error occured during the registration:",
	"L_SEND_PASSWORD" : "Send password",
	"L_PASSWORD_SENT" : "The password was successfully sent to the specified email address. Please check your Inbox and mention that sometimes messages go to Spam folder unexpectedly.",
	"L_PASSWORD_ERROR" : "An error occured while sending the password: ",
	"L_INVALID_TICKET": "Firefox Marketplace receipt validation failed. Program will exit now. Try reinstalling the program from the Marketplace.",
	"L_NEWS": "News",
	"L_NEWS_KEYWORD": "sports",
	"L_NEWS_BACK" : "Back to news list",
	"L_NEWS_ARTICLE" : "Read the article",
	"GPS_ACCURACY" : "Minimum GPS accuracy",
	"GPS_ACCURACY_DETAIL" : "Minimum allowed GPS accuracy.",
	"GPS_150M" : "150 m / yd",
	"GPS_500M" : "500 m / yd",
	"GPS_1000M" : "1 km / mi",
	"GPS_UM" : "Not limited"
}