{
    "BTN_START": "Start",
    "BTN_PAUSE": "Pauza",
    "BTN_RESET": "Wróć",
    "BTN_CONTINUE": "Kontynuuj",
    "BTN_SAVE": "Zapisz",
    "BTN_DELETE": "Usuń",
    "BTN_CANCEL": "Anuluj",
    "L_CONFIRM_DELETE_ACTIVITY": "Czy na pewno usunąć wybraną aktywność?",
    "L_KMH": "km/h",
    "L_MIH": "mi/h",
    "L_M": "m.",
    "L_METERS": "metry",
    "L_KM": "km.",
    "L_KILOMETERS": "kilometry",
    "L_MI": "mi.",
    "L_YD": "yds.",
    "L_MILES": "mile",
    "L_YARDS": "jardy",
    "L_MIN_KM": "min/km",
    "L_MIN_MI": "min/mi",
    "SETTINGS_TITLE": "Ustawienia",
    "AUDIO_CUES_TITLE": "Wskazówki głosowe",
    "AUDIO_CUES_DETAIL": "Odtwórz wskazówki głosowe po osiągnięciu określonej odległości. Wymagane połączenie z internetrm (Uwaga! Możliwe dodatkowe koszty).",
    "AUDIO_CUES_NEVER": "Nigdy",
    "AUDIO_CUES_100M": "Każde 100 m. / yd.",
    "AUDIO_CUES_1KM": "Każdy 1 km. / mi.",
    "AUDIO_CUES_5KM": "Każde 5 km. / mi. ",
    "AUDIO_CUES_10KM": "Każde 10 km. / mi.",
    "LANG_TITLE": "Język",
    "LANG_DETAIL": "Zmiana języka wyświetlania",
    "LANG_EN": "Angielski",
    "LANG_DE": "Niemiecki",
    "LANG_GR": "Grecki",
    "LANG_HU": "Węgierski",
    "LANG_PL": "Polski",
    "LANG_PT": "Portugalski",
    "LANG_RU": "Rosyjski",
    "LANG_UK": "Ukraiński",
    "LANG_BN": "Bengalski",
    "LANG_ES": "Hiszpański",
    "MENU_HOME": "Home",
    "MENU_ACTIVITIES": "Działania",
    "MENU_PROFILE": "Profil",
    "MENU_MUSIC": "Muzyka",
    "MENU_SETTINGS": "Ustawienia",
    "DATA_NO_ACTIVITIES": "Nie masz jeszcze zapisanych działań.",
    "DATA_TITLE": "Działania",
    "MUSIC_NOT_SUPPORTED": "Urządzenie nie wspiera funkcji Muzyka.",
    "DEMO_MODE": "Tryb Demo",
    "DEMO_MODE_DETAIL": "Umożliwia włączenie symulacji działań",
    "L_NO": "Nie",
    "L_YES": "Tak",
    "L_SEARCHING_LOCATION": "Ustalanie bieżącej lokalizacji za pomocą GPS ...",
    "L_LOCATION_ERROR": "Lokalizacja nie została ustalona. Upewnij się, że włączone są usługi GPS w urządzeniu.",
    "L_RETRY": "Spróbuj ponownie",
    "L_PROFILE_TITLE": "Profil",
    "L_PROFILE_NOT_CONNECTED": "Nie połączono z Twoim profilem na Facebook. Połącz się z Twoim profilem aby móc śledzić działania i dzielić się aktywnością ze znajomymi.",
    "L_CONNECT": "Połączono",
    "L_DISCONNECT": "Rozłączono",
    "L_SYNC": "Synchronizacja",
    "RESET": "Wróć",
    "RESET_DETAIL": "Wróć do domyślnych wartości",
    "L_UNITS_TITLE": "Jednostki",
    "L_UNITS_DETAILS": "Wybierz albo jednostki metryczne (km) albo jednostki US (mi)",
    "L_UNITS_METRIC": "Metryczne",
    "L_UNITS_US": "US",
    "L_SPEED_MODE": "Tryb wyświetlania prędkości",
    "L_SPEED_MODE_DETAILS": "Wybierz albo prędkość (km/h, mi/h) albo tempo (min/km, min/mi)",
    "L_SPEED": "Prędkość",
    "L_PACE": "Tempo",
    "L_DOWNLOAD_CONTENT": "Pobierz dodatkową zawartość",
    "L_DOWNLOAD_CONTENT_DETAILS": "Automatycznie pobierz zawartość (ulubione listy odtwarzania). Wymagane połączenie z internetrm (Uwaga! Możliwe dodatkowe koszty).",
    "L_EMAIL": "Email",
    "L_PASSWORD": "Password",
    "L_CREATE_PROFILE": "Create profile",
    "L_FACEBOOK_CONNECT": "Connect with Facebook",
    "L_FORGOT_PASSWORD": "Forgot password?",
    "L_LOGIN_ERROR": "The combination of email address and password was not found. Please check your input and try again.",
    "L_CONFIRM_PASSWORD": "Password confirmation",
    "L_NAME": "Your name",
    "L_SIGNUP_ERROR": "An error occured during the registration:",
    "L_SEND_PASSWORD": "Send password",
    "L_PASSWORD_SENT": "The password was successfully sent to the specified email address. Please check your Inbox and mention that sometimes messages go to Spam folder unexpectedly.",
    "L_PASSWORD_ERROR": "An error occured while sending the password: ",
    "L_INVALID_TICKET": "Firefox Marketplace receipt validation failed. Program will exit now. Try reinstalling the program from the Marketplace.",
    "L_NEWS": "News",
    "L_NEWS_KEYWORD": "sports",
    "L_NEWS_BACK": "Back to news list",
    "L_NEWS_ARTICLE": "Read the article",
    "GPS_ACCURACY": "Minimum GPS accuracy",
    "GPS_ACCURACY_DETAIL": "Minimum allowed GPS accuracy.",
    "GPS_150M": "150 m / yd",
    "GPS_500M": "500 m / yd",
    "GPS_1000M": "1 km / mi",
    "GPS_UM": "Not limited"
}
