{
    "BTN_START": "Começar",
    "BTN_PAUSE": "Pausar",
    "BTN_RESET": "Redefinir",
    "BTN_CONTINUE": "Continuar",
    "BTN_SAVE": "Salvar",
    "BTN_FINISH": "Terminar",
    "BTN_DELETE": "Apagar",
    "BTN_EDIT": "Editar",
    "BTN_CANCEL": "Cancelar",
    "L_CONFIRM_DELETE_ACTIVITY": "Deseja realmente apagar a atividade selecionada?",
    "L_KMH": "km/h",
    "L_MIH": "mi/h",
    "L_M": "m.",
    "L_CM": "cm.",
    "L_METERS": "metros",
    "L_KM": "km.",
    "L_KILOMETERS": "quilômetros",
    "L_MI": "mi.",
    "L_YD": "yds.",
    "L_MILES": "milhas",
    "L_YARDS": "jardas",
    "L_MIN_KM": "min/km",
    "L_MIN_MI": "min/mi",
    "L_KG": "kg.",
    "L_INCHES": "in.",
    "L_POUNDS": "lbs.",
    "L_SLEEP_EFFICIENCY": "% Eficiência do Sono",
    "L_RUNNING_STEPS": "Passos de corrida",
    "L_STEPS": "Passos",
    "L_CALORIES_BURNT": "Calorias Queimadas",
    "L_CALORIES": "Calorias",
    "L_DISTANCE": "Distância",
    "L_TODAY": "Hoje",
    "L_YESTERDAY": "Ontem",
    "L_WEATHER": "Tempo",
    "L_SHARE": "Compartilhar",
    "SETTINGS_TITLE": "Configurações",
    "AUDIO_CUES_TITLE": "Notificações de áudio",
    "AUDIO_CUES_DETAIL": "Tocar as notificações de áudio quando uma distância específica é alcançada. Necessita conexão com a internet (podem resultar em custos adicionais).",
    "AUDIO_CUES_NEVER": "Nunca",
    "AUDIO_CUES_100M": "Cada 100 m. / yd.",
    "AUDIO_CUES_1KM": "Cada 1 km. / mi.",
    "AUDIO_CUES_5KM": "Cada 5 km. / mi. ",
    "AUDIO_CUES_10KM": "Cada 10 km. / mi.",
    "AUDIO_CUES_ACTIVITY_STARTED": "Atividade iniciada",
    "AUDIO_CUES_ACTIVITY_PAUSED": "Atividade pausada",
    "AUDIO_CUES_ACTIVITY_FINISHED": "Atividade concluída",
    "AUDIO_CUES_ACTIVITY_RESET": "Atividade redefinida",
    "LANG_TITLE": "Idioma",
    "LANG_DETAIL": "Mudar o idioma da interface",
    "LANG_EN": "Inglês",
    "LANG_DE": "Alemão",
    "LANG_GR": "Grego",
    "LANG_HU": "Húngaro",
    "LANG_PL": "Polonês",
    "LANG_PT": "Português",
    "LANG_RU": "Russo",
    "LANG_UK": "Ucraniano",
    "LANG_BN": "Bengali",
    "LANG_ES": "Espanhol",
    "MENU_HOME": "Home",
    "MENU_ACTIVITIES": "Atividades",
    "MENU_PROFILE": "Social",
    "MENU_MUSIC": "Música",
    "MENU_SETTINGS": "Configurações",
    "MENU_NEWS": "Notícias",
    "MENU_BIODATA": "Minha Biodata",
    "MENU_EVENTS": "Eventos",
    "DATA_NO_ACTIVITIES": "Você ainda não possui atividades salvas.",
    "DATA_TITLE": "Atividades",
    "MUSIC_NOT_SUPPORTED": "Este aparelho não suporta funções de música.",
    "DEMO_MODE": "Modo demonstração",
    "DEMO_MODE_DETAIL": "Ativa a simulação de atividades",
    "DEBUG_MODE": "Mode de depuração",
    "DEBUG_MODE_DETAIL": "Ativa a conexão e depuração",
    "USE_LOCATION_POLL": "Usar location poll",
    "USE_LOCATION_POLL_DETAIL": "Poll location periodicamente ao invés de usar a notificação de mudança de localização embutida no aparelho",
    "L_NO": "Não",
    "L_YES": "Sim",
    "L_SEARCHING_LOCATION": "Determinando sua localização atual usando o GPS...",
    "L_LOCATION_ERROR": "Não foi possível definir sua localização. Por favor, assegure-se que a função de GPS está ativada em seu aparelho.",
    "L_RETRY": "Tentar novamente",
    "L_PROFILE_TITLE": "Meu Perfil",
    "L_PROFILE_NOT_CONNECTED": "Ainda não possui uma conta?",
    "L_CONNECT": "Conectar",
    "L_DISCONNECT": "Desconectar dessa conta",
    "L_SYNC": "Sincronizar com o servidor",
    "RESET": "Redefinir",
    "RESET_DETAIL": "Redefinir para configurações padrão",
    "L_UNITS_TITLE": "Unidades",
    "L_UNITS_DETAILS": "Escolha entre sistema métrico (km) ou sistema americano (mi) de medidas",
    "L_UNITS_METRIC": "Métrico",
    "L_UNITS_US": "Americano",
    "L_SPEED_MODE": "Modo de visualização de velocidade",
    "L_SPEED_MODE_DETAILS": "Escolha entre velociadade (km/h, mi/h) ou ritmo (min/km, min/mi)",
    "L_SPEED": "Velocidade",
    "L_PACE": "Ritmo",
    "L_DOWNLOAD_CONTENT": "Baixar conteúdos adicionais",
    "L_DOWNLOAD_CONTENT_DETAILS": "Baixar conteúdos (como playlists) automaticamente. Necessita conexão com a internet (podem resultar em custos adicionais).",
    "L_EMAIL": "E-mail",
    "L_PASSWORD": "Senha",
    "L_CREATE_PROFILE": "Criar perfil",
    "L_FACEBOOK_CONNECT": "Conectar com o Facebook",
    "L_FORGOT_PASSWORD": "Esqueceu sua senha?",
    "L_LOGIN_ERROR": "Essa combinação de endereço de e-mail e senha não foi encontrado. Por favor, verifique os dados e tente novamente.",
    "L_CONFIRM_PASSWORD": "Confirmação de senha",
    "L_NAME": "Seu nome",
    "L_SIGNUP_ERROR": "Um erro ocorreu durante o processo de registro:",
    "L_SEND_PASSWORD": "Enviar senha",
    "L_PASSWORD_SENT": "A senha foi enviada com sucesso para o endereço de e-mail especificado. Por favor, verifique sua caixa de mensagens e lembre-se que às vezes as mensagens podem ir inesperadamente para sua caixa de Spam.",
    "L_PASSWORD_ERROR": "Um erro aconteceu durante o envio da senha: ",
    "L_INVALID_TICKET": "Falha na validação de recibo do Firefox Marketplace. O programa será fechado. Tente reinstalar o programa novamente à partir do Marketplace.",
    "L_NEWS": "Notícias",
    "L_NEWS_KEYWORD": "esportes",
    "L_NEWS_BACK": "Retornar para a lista de notícias",
    "L_NEWS_ARTICLE": "Ler artigo",
    "GPS_ACCURACY": "Precisão mínima do GPS",
    "GPS_ACCURACY_DETAIL": "Precisão mínima permitida do GPS.",
    "GPS_150M": "150 m / yd",
    "GPS_500M": "500 m / yd",
    "GPS_1000M": "1 km / mi",
    "GPS_UM": "Não limitada",
    "L_SPEED_TITLE": "Velocidade",
    "L_DISTANCE_TITLE": "Distância",
    "L_TIME_TITLE": "Tempo",
    "T_NEWS": "Notícias",
    "L_NEWS_ORIGINAL": "Ler o original",
    "L_LOADING": "Carregando…",
    "L_TOTAL_DISTANCE": "Distância total",
    "L_RUNS": "Atividades",
    "L_AVERAGE_PACE": "Média do Ritmo",
    "L_BIO_PROFILE_TITLE": "Perfil Bio",
    "L_BIO_PROFILE_EDIT": "Editar perfil bio",
    "L_BIO_GENDER": "Gênero",
    "L_BIO_GENDER_DETAIL": "Seu gênero será usado para um cálculo mais preciso das calorias queimadas",
    "L_BIO_GENDER_MALE": "Masculino",
    "L_BIO_GENDER_FEMALE": "Feminino",
    "L_BIO_AGE": "Idade",
    "L_BIO_AGE_DETAIL": "Sua idade atual medida em anos completos",
    "L_BIO_HEIGHT": "Altura",
    "L_BIO_HEIGHT_DETAIL": "Sua altura em centímetros ou polegadas",
    "L_BIO_WEIGHT": "Peso",
    "L_BIO_WEIGHT_DETAIL": "Seu peso em quilos ou libras",
    "L_BIO_STRIDE": "Comprimento da passada",
    "L_BIO_STRIDE_DETAIL": "O comprimento de sua passada em centímetros ou polegadas",
    "L_NO_RUNS": "Você ainda não fez nenhuma atividade física. Por favor, vá se exercitar.",
    "L_START_RUNNING": "Vamos lá!",
    "L_NO_BIO_PROFILE": "Você ainda não preencheu seu Bio perfil. Por favor, complete seu perfil.",
    "L_FILL_BIO_PROFILE": "Preencher seu bio perfil",
    "L_BASIC_RUN": "Corrida básica",
    "L_RUNNING": "Correndo",
    "L_WALKING": "Caminhando",
    "L_HIKING": "Escalando",
    "L_BIKING": "Andando de bicicleta",
    "L_ROLLER": "Andando “de patins",
    "L_SKIING": "Esquiando",
    "L_NO_GOAL_SET": "Você ainda não possui uma meta diária.",
    "L_SET_GOAL": "Estabelecer meta",
    "L_REMOVE_GOAL": "Remover meta",
    "L_UPDATE_GOAL": "Atualizar meta",
    "GOAL_TYPE_TITLE": "Tipo de meta diária",
    "GOAL_TYPE_DETAIL": "Os tipos de metas: Maior distância, maior tempo de atividade ou máximo de calorias queimadas",
    "GOAL_TYPE_DISTANCE": "Distância",
    "GOAL_TYPE_DURATION": "Duração",
    "GOAL_TYPE_CALORIES": "Calorias",
    "GOAL_TYPE_STEPS": "Passos",
    "GOAL_DISTANCE": "Distância",
    "GOAL_DISTANCE_DETAIL": "Número de quilômetros ou milhas que você deseja percorrer todos os dias",
    "GOAL_STEPS": "Passos",
    "GOAL_STEPS_DETAIL": "Número de passos que você deseja dar todos os dias",
    "GOAL_DURATION": "Duração",
    "GOAL_DURATION_DETAIL": "Número de minutos que você deseja dedicar todos os dias para suas atividades físicas",
    "GOAL_CALORIES": "Calorias",
    "GOAL_CALORIES_DETAIL": "Número de calorias que você deseja queimar todos os dias",
    "L_FIRERUNNER_SINCE": "Firerunner desde {{ reg }}",
    "L_SINCE": "Desde {{ reg }}",
    "L_TRACKED": "Registrado",
    "L_PERSONAL_RECORDS": "Recordes Pessoais",
    "L_LONGEST_RUN": "Distância mais longa",
    "L_FASTEST_RUN": "Melhor Ritmo",
    "L_FASTEST_5KM": "5km mais rápidos",
    "L_FASTEST_5MI": "5 milhas mais rápidas",
    "L_FASTEST_10KM": "10km mais rápidos",
    "L_FASTEST_10MI": "10 milhas mais rápida",
    "L_ADVANCED_SETTINGS": "Configurações avançadas",
    "L_SIGNUP_FACEBOOK": "Conectar com o Facebook",
    "L_SIGNUP_EMAIL": "Conectar com e-mail",
    "L_STEPS_TRACKER_SETUP": "Configuração de rastreio de passos",
    "L_STEPS_TRACKER_OPTIONS": "Você deseja usar seu smartphone ou <br /> um tracker de atividades para contar seus passos?",
    "L_STEPS_TRACKER_USE_PHONE": "Usar smartphone",
    "L_STEPS_TRACKER_USE_EXTERNAL": "Conectar com Tracker de atividades",
    "L_SKIP": "Pular",
    "L_NEXT": "Próximo",
    "L_DONE_HEADER": "Pronto!",
    "L_GET_READY": "Se prepare para mover",
    "L_DONE": "Pronto",
    "L_BACK": "Voltar",
    "L_SEND": "Enviar",
    "L_LOGIN": "Conectar",
    "L_NEW_USER": "Novo usuário",
    "LAUNCH_TRACK": "Rastreie suas atividades + seu  <br /> sono para ter uma vida saudável",
    "LAUNCH_CAPTURE": "Capture dados sobre suas <br /> atividades com o GPS <br /> de seu smartphone ou um de um tracker de atividades",
    "LAUNCH_CONNECT": "Conectar um tracker de atividades ao seu <br /> smartphone para acompanhamento <br /> + monitoramento de seu sono",
    "LAUNCH_FRIENDS": "Conecte + faça amigos <br /> Se exercite junto + desafie seus amigos",
    "LAUNCH_ACCOMPLISMENTS": "Acumule façanhas",
    "LAUNCH_OFFERS": "Receba ofertas",
    "LAUNCH_HEALTH": "Viva de forma saudável!",
    "LAUNCH_START": "Comece agora mesmo",
    "T_TRACKER_SETUP": "Configuração do tracker de atividades",
    "T_STEP1": "Passo 1",
    "T_STEP2": "Passo 2",
    "T_STEP3": "Passo 3",
    "T_TURN_ON": "Ligue seu <br>tracker de atividades",
    "T_PAIRING": "Conecte com seu tracker de atividades",
    "T_PAIRED": "Tracker de atividades sincronizado <br> com sucesso",
    "TRACKER_CONNECTION_ERROR": "Um erro ocorreu durante a conexão com seu tracker de atividades. Por favor, tente novamente.",
    "PROFILE_PRIVACY_TITLE": "Privacidade de seu perfil",
    "PROFILE_PRIVACY_DETAIL": "Defina quem poderá acessar seu perfil",
    "PROFILE_PRIVACY_PUBLIC": "Público",
    "PROFILE_PRIVACY_FRIENDS": "Amigos",
    "PROFILE_PRIVACY_PRIVATE": "Privado",
    "AUTO_PAUSE_TITLE": "Pausa automática de atividades",
    "AUTO_PAUSE_DETAIL": "Pausar automaticamente as atividades quando receber um telefonema, etc.",
    "L_OK": "OK",
    "L_GEAR": "Meus equipamentos",
    "L_MANAGE_GEAR": "Gerenciar meus equipamento",
    "GEAR_ACTIVITY_TYPE": "Tipo de atividade",
    "GEAR_ACTIVITY_TYPE_DETAIL": "Para quais esportes esse equipamento é mais adequados?",
    "GEAR_NAME": "Nome do equipamento",
    "GEAR_NAME_DETAIL": "Dê um nome (ex. \"Tênis Nike\")",
    "GEAR_ADD": "Adicionar Equipamento",
    "GEAR_LIST": "Meus equipamentos",
    "GEAR_CONFIRM_DELETE": "Deseja realmente apagar esse equipamento e toda as informações associadas à ele?\nIsso não poderá ser desfeito.",
    "GEAR_NOT_ADDED": "Você ainda não adicionou nenhum equipamento. Por favor, adicione seus equipamentos.",
    "BLE_SETTINGS_TITLE": "Configurações do aparelho",
    "BLE_SETTINGS": "Configurações do aparelho de exercícios",
    "BLE_SETTINGS_NOT_AVAILABLE": "FireRunner ainda não suporta as funções de Bluetooth em cargas baixas desse aparelho.",
    "BLE_CONNECTED_DEVICE_TITLE": "Conectar aparelho",
    "BLE_CONNECTION_WIZARD": "Guia de conexão de aparelhos",
    "BLE_CHOOSE_COMMAND": "Escolha um comando para enviar para o aparelho",
    "BLE_SELECT_COMMAND": "-- Selecionar comando --",
    "BLE_COMMAND_TOTAL_DAY_ACTIVITY": "Estatísticas totais de atividades (hoje)",
    "BLE_COMMAND_DETAILED_DAY_ACTIVITY": "Estatísticas detalhadas de atividades (hoje)",
    "BLE_COMMAND_TOTAL_ACTIVITY": "Estatísticas totais de atividades (todas)",
    "BLE_COMMAND_VIBRATE": "Vibrar (2 sec.)",
    "BLE_COMMAND_GET_BIO_PROFILE": "Obter perfil bio do meu tracker de atividades",
    "BLE_COMMAND_SET_BIO_PROFILE": "Enviar perfil bio para meu tracker de atividades",
    "BLE_COMMAND_GET_DEVICE_NAME": "Obter o nome do tracker de atividades",
    "BLE_COMMAND_START_ACTIVITY": "Iniciar o pedômetro",
    "BLE_COMMAND_STOP_ACTIVITY": "Parar o pedômetro",
    "BLE_COMMAND_SET_TARGET_STEPS": "Definir meta de passos (1230)",
    "BLE_COMMAND_GET_TARGET_STEPS": "Obter meta de passos",
    "BLE_COMMAND_SYNC_STATS": "Sincronizar estatísticas gerais",
    "GENERIC_ERROR": "Um erro inesperado aconteceu. Por favor, tente novamente.",
    "FRIEND_LIST": "Meus amigos",
    "FRIEND_FIND": "Encontrar no FireRunner",
    "FRIEND_FB": "Amigos do Facebook",
    "FRIEND_PROFILE": "Perfil de seu amigo",
    "SEARCH": "Buscar",
    "ADD_FRIEND": "Adicionar amigo",
    "ADD_INVITE": "Convidar",
    "FRIEND": "Amigo",
    "NOT_FIRERUNNER_YET": "Ainda não é um FireRunner",
    "INVITATION_SENT": "Convite enviado",
    "ACCEPT_INVITATION": "Aceitar convite",
    "FRIEND_REQUESTS": "Requisições de amizade",
    "LIKES": "Likes",
    "DISLIKES": "Dislikes",
    "FRIEND_LIST_EMPTY": "Você não conectou nenhum de seus amigos à sua conta FireRunner. Usar \"+\" ou \"f\" para encontrar seus amigos no FireRunner ou Facebook e conectá-los.",
    "DO_LIKE": "Parabenizar",
    "OPERATION_SUCCESS": "Feito.",
    "RUN_COMPLETED": "Corrida completada!",
    "CLOSE": "Fechar",
    "TRACKER_CONNECTED": "Equipamento de rastreio de atividades externo conectado",
    "SHARE_ACTIVITY": "Compartilhar seu exercício",
    "BLE_CONNECT": "Conectar com aparelho to device",
    "FIRERUNNER_PROFILE": "Perfil FireRunner",
    "LETS_GO": "Vamos lá!",
    "GENERAL_STATS": "Seu dia",
    "ACTIVITY_STATS": "Esportes",
    "YOUR_TIMELINE": "Linha do tempo",
    "COMMENTS": "Comentários",
    "ENTER_COMMENT": "Escrever seu comentário",
    "POST_COMMENT": "Publicar",
    "L_YOU": "Você",
    "MY_EVENTS": "Meus eventos",
    "NO_EVENTS": "Você ainda não criou nenhum evento.",
    "CREATE_EVENT": "Criar evento",
    "EDIT_EVENT": "Editar evento",
    "EVENT_TITLE": "Nome do evento",
    "EVENT_TITLE_DETAIL": "Dê um nome proeminente ao seu evento",
    "EVENT_DESCRIPTION": "Descrição do evento",
    "EVENT_DESCRIPTION_DETAIL": "Descreva seu evento",
    "EVENT_DATE": "Data e hora",
    "EVENT_DATE_DETAIL": "Quando será seu evento",
    "EVENT_PLACE": "Local",
    "EVENT_PLACE_DETAIL": "Nome do local onde ocorrerá seu evento",
    "EVENT_ADDRESS": "Endereço",
    "EVENT_ADDRES_DETAIL": "Endereço do local (caso esteja disponível)",
    "EVENT_ACTIVITY_TYPE": "Atividade",
    "EVENT_ACTIVITY_TYPE_DETAIL": "O tipo de atividade que esse evento está relacionado.",    
    "EVENT_COMPLEXITY": "Complexidade",
    "EVENT_COMPLEXITY_DETAIL": "Descrição da complexidade do evento (ex. corrida de 10 km)",
    "EVENT_FORM_INVALID": "O formulário não está preenchido corretamente. Por favor, verifique os campos e corrija os erros.",
    "EVENT_CONFIRM_DELETE": "Deseja realmente apagar as informações associadas à esse evento?\n Não poderá ser desfeito.",
    "EVENT_JOIN": "Participar",
    "EVENT_REJECT": "Cancelar",
    "EVENT_PARTICIPANTS": "Participantes",
    "EVENT_PARTICIPANT": "Participante",
    "STATS_STEPS_DETAIL": "Estatística de passos diária",
    "PARTICIPANT_LIST_EMPTY": "Ninguém ainda confirmou a participação nesse evento ou aceitou seu convite.",
    "PARTICIPANTS_INVITE": "Convidar amigos",
    "PARTICIPANT_INVITE": "Convidar",
    "PARTICIPANTS_NO_FRIENDS": "Você não conectou nenhum amigo à sua conta FireRunner.",
    "MY_ACTIVITIES" : "Minhas atividades",
    "LEADERBOARD": "Placar de líderes",
    "SETTINGS_TRACKING": "Aparelho de acompanhamento de atividades (tracker)",
    "SETTINGS_TRACKING_DETAIL": "Escolha qual aparelho deverá ser usado para acompanhamento de passos e distância.",
    "SETTINGS_TRACKING_PHONE": "Usar o telefone",
    "SETTINGS_TRACKING_DEVICE": "Usar tracker de atividades",
    "RESET_CONFIRM": "Isso irá apagar todas as informações não sincronizadas e não poderá ser desfeito.\n Continuar?"
}
