﻿{
    "BTN_START": "Старт",
    "BTN_PAUSE": "Пауза",
    "BTN_RESET": "Сброс",
    "BTN_CONTINUE": "Продолжить",
    "BTN_SAVE": "Сохранить",
    "BTN_FINISH": "Финиш",
    "BTN_DELETE": "Удалить",
    "BTN_EDIT": "Правка",
    "BTN_CANCEL": "Сброс",
    "L_CONFIRM_DELETE_ACTIVITY": "Удалить выбранную активность?",
    "L_KMH": "км/ч",
    "L_MIH": "миль/ч",
    "L_M": "м.",
    "L_CM": "см.",
    "L_METERS": "метров",
    "L_KM": "км",
    "L_KILOMETERS": "километров",
    "L_MI": "миль",
    "L_YD": "ярдов",
    "L_MILES": "мили",
    "L_YARDS": "ярды",
    "L_MIN_KM": "мин/км",
    "L_MIN_MI": "мин/миля",
    "L_KG": "кг.",
    "L_INCHES": "дюймов",
    "L_POUNDS": "фунтов",
    "L_SLEEP_EFFICIENCY": "% сна",
    "L_RUNNING_STEPS": "Спортивных шагов",
    "L_STEPS": "Шагов",
    "L_CALORIES_BURNT": "Калорий потрачено",
    "L_CALORIES": "Калорий",
    "L_DISTANCE": "Расстояние",
    "L_TODAY": "Сегодня",
    "L_YESTERDAY": "Вчера",
    "L_WEATHER": "Погода",
    "L_SHARE": "Поделиться",
    "SETTINGS_TITLE": "Настройки",
    "AUDIO_CUES_TITLE": "Аудиометки",
    "AUDIO_CUES_DETAIL": "Воспроизводить аудиометку при достижении определенного расстояния. Требуется интернет-соединение (возможны дополнительные расходы).",
    "AUDIO_CUES_NEVER": "Никогда",
    "AUDIO_CUES_100M": "Каждые 100 м. / ярдов.",
    "AUDIO_CUES_1KM": "Каждые 1 км. / милю.",
    "AUDIO_CUES_5KM": "Каждые 5 км. / миль. ",
    "AUDIO_CUES_10KM": "Каждые 10 км. / миль.",
    "AUDIO_CUES_ACTIVITY_STARTED": "Активность начата",
    "AUDIO_CUES_ACTIVITY_PAUSED": "Пауза",
    "AUDIO_CUES_ACTIVITY_FINISHED": "Активность завершена",
    "AUDIO_CUES_ACTIVITY_RESET": "Сброс",
    "LANG_TITLE": "Язык",
    "LANG_DETAIL": "Изменить язык интерфейса",
    "LANG_EN": "Ангийский",
    "LANG_DE": "Немецкий",
    "LANG_GR": "Греческий",
    "LANG_PT": "Португальский",
    "LANG_RU": "Русский",
    "LANG_UK": "Украинский",
    "LANG_ES": "Испанский",
    "MENU_HOME": "Домой",
    "MENU_ACTIVITIES": "Активности",
    "MENU_PROFILE": "Друзья",
    "MENU_MUSIC": "Музыка",
    "MENU_SETTINGS": "Настройки",
    "MENU_NEWS": "Новости",
    "MENU_BIODATA": "Биоданные",
    "MENU_EVENTS": "События",
    "DATA_NO_ACTIVITIES": "У вас нет сохраненных активностей.",
    "DATA_TITLE": "Активности",
    "MUSIC_NOT_SUPPORTED": "FireRunner не поддерживает воспроизведение музыки на этом устройстве.",
    "DEMO_MODE": "Демо режим",
    "DEMO_MODE_DETAIL": "Включает режим симуляции активности",
    "DEBUG_MODE": "Режим отладки",
    "DEBUG_MODE_DETAIL": "Включает протоколирование и отладку",
    "USE_LOCATION_POLL": "Таймер местоположения",
    "USE_LOCATION_POLL_DETAIL": "Опрашивать местоположение периодически вместо встроенных уведомлений",
    "L_NO": "Нет",
    "L_YES": "Да",
    "L_SEARCHING_LOCATION": "Поиск место положения по GPS...",
    "L_LOCATION_ERROR": "Не удается установить местоположение. Пожалуйста, убедитесь, что сервисы GPS на этом устройстве доступны и включены.",
    "L_RETRY": "Повтор",
    "L_PROFILE_TITLE": "Мой профиль",
    "L_PROFILE_NOT_CONNECTED": "Нет учетной записи?",
    "L_CONNECT": "Подключить",
    "L_DISCONNECT": "Отключиться от учетной записи",
    "L_SYNC": "Синхронизяция с сервером",
    "RESET": "Сброс",
    "RESET_DETAIL": "Сброс настроек к значениям по умолчанию",
    "L_UNITS_TITLE": "Единицы измерения",
    "L_UNITS_DETAILS": "Выберите между метрическими (км., кг.) и американскими (мили, фунты) единицами измерения.",
    "L_UNITS_METRIC": "Метрические",
    "L_UNITS_US": "Американские",
    "L_SPEED_MODE": "Отображение скорости",
    "L_SPEED_MODE_DETAILS": "Выбкрите скорость (км./ч, миль/ч) или темп (мин./км, мин/милю)",
    "L_SPEED": "Скорость",
    "L_PACE": "Темп",
    "L_DOWNLOAD_CONTENT": "Скачивать контент",
    "L_DOWNLOAD_CONTENT_DETAILS": "Скачивать дополнительный контент автоматически. Требуется интернет-соединение (возможны дополнительные расходы).",
    "L_EMAIL": "Email",
    "L_PASSWORD": "Пароль",
    "L_CREATE_PROFILE": "Создать профиль",
    "L_FACEBOOK_CONNECT": "Войти через Facebook",
    "L_FORGOT_PASSWORD": "Забыли пароль?",
    "L_LOGIN_ERROR": "Комбинация адреса электронной почты и пароля не найдена. Пожалуйста, проверьте ввод и попробуйте еще раз.",
    "L_CONFIRM_PASSWORD": "Подтверждение пароля",
    "L_NAME": "Имя",
    "L_SIGNUP_ERROR": "При регистрации возникла ошибка:",
    "L_SEND_PASSWORD": "Напомнить пароль",
    "L_PASSWORD_SENT": "Пароль был выслан на указанный адрес электронной почты. Пожалуйста, проверьте входящие письма (включая папку для спама).",
    "L_PASSWORD_ERROR": "При отправке пароля возникла ошибка: ",
    "L_INVALID_TICKET": "Проверка квитанции Firefox Marketplace не удалась. Приложение будет завершено. Переустановите приложение из магазина Marketplace.",
    "L_NEWS": "Новости",
    "L_NEWS_KEYWORD": "спорт",
    "L_NEWS_BACK": "К списку новостей",
    "L_NEWS_ARTICLE": "Читать статью",
    "GPS_ACCURACY": "Минимальная точность GPS",
    "GPS_ACCURACY_DETAIL": "Минимальная точность, при которой возможно использовать местоположение.",
    "GPS_150M": "150 м. / ярдов",
    "GPS_500M": "500 м. / ярдов",
    "GPS_1000M": "1 км. / миля",
    "GPS_UM": "Не ограничено",
    "L_SPEED_TITLE": "Скорость",
    "L_DISTANCE_TITLE": "Расстояние",
    "L_TIME_TITLE": "Время",
    "T_NEWS": "Новости",
    "L_NEWS_ORIGINAL": "Читать оригинал",
    "L_LOADING": "Загрузка...",
    "L_TOTAL_DISTANCE": "Общее расстояние",
    "L_RUNS": "Активности",
    "L_AVERAGE_PACE": "Средний темп",
    "L_BIO_PROFILE_TITLE": "Биопрофиль",
    "L_BIO_PROFILE_EDIT": "Изменить биопрофиль",
    "L_BIO_GENDER": "По",
    "L_BIO_GENDER_DETAIL": "Ваш пол используется для вычисления количества потраченных калорий",
    "L_BIO_GENDER_MALE": "Мужской",
    "L_BIO_GENDER_FEMALE": "Женский",
    "L_BIO_AGE": "Возраст",
    "L_BIO_AGE_DETAIL": "Полных лет на текущий момент",
    "L_BIO_HEIGHT": "Рост",
    "L_BIO_HEIGHT_DETAIL": "Ваш рост в сантиметрах или дюймах",
    "L_BIO_WEIGHT": "Вес",
    "L_BIO_WEIGHT_DETAIL": "Ваш вес в килограммах или фунтах",
    "L_BIO_STRIDE": "Длина шага",
    "L_BIO_STRIDE_DETAIL": "Длина вашего шага в сантиметрах или дюймах",
    "L_NO_RUNS": "Вы пока не сохранили ни одной активности.",
    "L_START_RUNNING": "Побежали!",
    "L_NO_BIO_PROFILE": "Вы еще не заполнили биопрофиль. Пожалуйста, сделайте это.",
    "L_FILL_BIO_PROFILE": "Заполнить биопрофиль",
    "L_BASIC_RUN": "Бег",
    "L_RUNNING": "Бег",
    "L_WALKING": "Ходьба",
    "L_HIKING": "Туризм",
    "L_BIKING": "Велосипед",
    "L_ROLLER": "Ролики",
    "L_SKIING": "Лыжи",
    "L_NO_GOAL_SET": "Вы еще не установили ежедневную цель.",
    "L_SET_GOAL": "Установить цель",
    "L_REMOVE_GOAL": "Удалить цель",
    "L_UPDATE_GOAL": "Обновить цель",
    "GOAL_TYPE_TITLE": "Тип ежедневной цели",
    "GOAL_TYPE_DETAIL": "Тип цели: максимальная дистанция, продолжительность активности, шаги или кол-во потраченных калорий",
    "GOAL_TYPE_DISTANCE": "Расстояние",
    "GOAL_TYPE_DURATION": "Продолжительность",
    "GOAL_TYPE_CALORIES": "Калории",
    "GOAL_TYPE_STEPS": "Шаги",
    "GOAL_DISTANCE": "Расстояние",
    "GOAL_DISTANCE_DETAIL": "Кол-во километров или миль, которое вы хотите проходить каждый день",
    "GOAL_STEPS": "Шаги",
    "GOAL_STEPS_DETAIL": "Кол-во шагов, которое вы хотите делать каждый день",
    "GOAL_DURATION": "Продолжительность",
    "GOAL_DURATION_DETAIL": "Количество минут, которое вы хотите посвящать активности каждый день",
    "GOAL_CALORIES": "Калории",
    "GOAL_CALORIES_DETAIL": "Количество калорий, которое вы хотите расходовать каждый день",
    "L_FIRERUNNER_SINCE": "Firerunner с {{ reg }}",
    "L_SINCE": "С {{ reg }}",
    "L_TRACKED": "Сохранено",
    "L_PERSONAL_RECORDS": "Личные рекорды",
    "L_LONGEST_RUN": "Дистанция",
    "L_FASTEST_RUN": "Лучший темп",
    "L_FASTEST_5KM": "Лучшие 5 км.",
    "L_FASTEST_5MI": "Лучшие 5 миль",
    "L_FASTEST_10KM": "Лучшие 10 км.",
    "L_FASTEST_10MI": "Лучшие 10 миль",
    "L_ADVANCED_SETTINGS": "Расширенные настройки",
    "L_SIGNUP_FACEBOOK": "Вход через Facebook",
    "L_SIGNUP_EMAIL": "Регистрация по e-mail",
    "L_STEPS_TRACKER_SETUP": "Настройка отслеживания шагов",
    "L_STEPS_TRACKER_OPTIONS": "Использовать ваш телефон или <br /> внешний трекер для подсчета шагов?",
    "L_STEPS_TRACKER_USE_PHONE": "Использовать телефон",
    "L_STEPS_TRACKER_USE_EXTERNAL": "Подключить трекер",
    "L_SKIP": "Пропустить",
    "L_NEXT": "Следующий",
    "L_DONE_HEADER": "Готово!",
    "L_GET_READY": "Приготовьтесь",
    "L_DONE": "Готово",
    "L_BACK": "Назад",
    "L_SEND": "Отправить",
    "L_LOGIN": "Вход",
    "L_NEW_USER": "Новый пользователь",
    "LAUNCH_TRACK": "Отслеживайте свои активности + качество <br /> сна, чтобы вести здоровый образ жизни",
    "LAUNCH_CAPTURE": "Собирайте данные о своих активностях <br /> по GPS <br /> телефону или трекеру",
    "LAUNCH_CONNECT": "Подключайте трекер к своему <br /> телефону, чтобы считать шаги <br /> + следить за качеством сна",
    "LAUNCH_FRIENDS": "Подключайтесь с друзьями <br /> Соревнуйтесь и тренируйтесь вместе",
    "LAUNCH_ACCOMPLISMENTS": "Собирайте достижения",
    "LAUNCH_OFFERS": "Получайте предложения",
    "LAUNCH_HEALTH": "Живите здорово!",
    "LAUNCH_START": "Начать",
    "T_TRACKER_SETUP": "Настройка трекера",
    "T_STEP1": "Шаг 1",
    "T_STEP2": "Шаг 2",
    "T_STEP3": "Шаг 3",
    "T_TURN_ON": "Включите <br>трекер",
    "T_PAIRING": "Соединение с трекером",
    "T_PAIRED": "Трекер успешно <br>подключен",
    "TRACKER_CONNECTION_ERROR": "При подключении трекера возникла ошибка. Попробуйте еще раз.",
    "PROFILE_PRIVACY_TITLE": "Приватность профиля",
    "PROFILE_PRIVACY_DETAIL": "Определяет кто может видеть ваш профиль",
    "PROFILE_PRIVACY_PUBLIC": "Все пользователи",
    "PROFILE_PRIVACY_FRIENDS": "Друзья",
    "PROFILE_PRIVACY_PRIVATE": "Никто",
    "AUTO_PAUSE_TITLE": "Автопауза",
    "AUTO_PAUSE_DETAIL": "Приостанавливать активность при получении звонка.",
    "L_OK": "OK",
    "L_GEAR": "Мой инвентарь",
    "L_MANAGE_GEAR": "Управлять инвентарем",
    "GEAR_ACTIVITY_TYPE": "Тип активности",
    "GEAR_ACTIVITY_TYPE_DETAIL": "Для какого типа активности используется этот инвентарь?",
    "GEAR_NAME": "Название",
    "GEAR_NAME_DETAIL": "Назовите этот инвентарь, например \"Кроссовки Nike\"",
    "GEAR_ADD": "Добавить инвентарь",
    "GEAR_LIST": "Мой инвентарь",
    "GEAR_CONFIRM_DELETE": "Удалить инвентарь и связанную с ним информацию?\nЭто действие нельзя отменить.",
    "GEAR_NOT_ADDED": "Вы еще не добавили никакого инвентаря.",
    "BLE_SETTINGS_TITLE": "Настройка устройства",
    "BLE_SETTINGS": "Настройка трекера",
    "BLE_SETTINGS_NOT_AVAILABLE": "FireRunner в настоящее время не поддерживает функции Bluetooth Low Energy на этом устройстве.",
    "BLE_CONNECTED_DEVICE_TITLE": "Подключенное устройство",
    "BLE_CONNECTION_WIZARD": "Мастер подключения",
    "BLE_CHOOSE_COMMAND": "Выберите команду для отправки на устройство",
    "BLE_SELECT_COMMAND": "-- Выберите комманду --",
    "BLE_COMMAND_TOTAL_DAY_ACTIVITY": "Общая статистика активности (сегодня)",
    "BLE_COMMAND_DETAILED_DAY_ACTIVITY": "Детальная статистика активности (сегодня)",
    "BLE_COMMAND_TOTAL_ACTIVITY": "Общая статистика активности (вся)",
    "BLE_COMMAND_VIBRATE": "Вибрация (2 сек.)",
    "BLE_COMMAND_GET_BIO_PROFILE": "Получить биопрофиль из трекера",
    "BLE_COMMAND_SET_BIO_PROFILE": "Отправить биопрофиль на трекер",
    "BLE_COMMAND_GET_DEVICE_NAME": "Получить имя трекера",
    "BLE_COMMAND_START_ACTIVITY": "Запустить шагомер",
    "BLE_COMMAND_STOP_ACTIVITY": "Остановить шагомер",
    "BLE_COMMAND_SET_TARGET_STEPS": "Установить цель (1230 шагов)",
    "BLE_COMMAND_GET_TARGET_STEPS": "Получить цель (шагов)",
    "BLE_COMMAND_SYNC_STATS": "Синхронизировать общую статистику",
    "GENERIC_ERROR": "Ошибка подключения. Повторите попытку.",
    "FRIEND_LIST": "Мои друзья",
    "FRIEND_FIND": "Найти на FireRunner",
    "FRIEND_FB": "Друзья на Facebook",
    "FRIEND_PROFILE": "Профиль друга",
    "SEARCH": "Поиск",
    "ADD_FRIEND": "Добавить друга",
    "ADD_INVITE": "Пригласить",
    "FRIEND": "Друг",
    "NOT_FIRERUNNER_YET": "Пока не FireRunner",
    "INVITATION_SENT": "Приглашение отправлено",
    "ACCEPT_INVITATION": "Принять приглашение",
    "FRIEND_REQUESTS": "Запросы от друзей",
    "LIKES": "Нравится",
    "DISLIKES": "Не нравится",
    "FRIEND_LIST_EMPTY": "Вы не подключили ни одного друга. Воспользуйтесь \"+\" или \"f\", чтобы найти друзей на FireRunner или Facebook и подключиться к ним.",
    "DO_LIKE": "Нравится",
    "OPERATION_SUCCESS": "Готово.",
    "RUN_COMPLETED": "Завершено!",
    "CLOSE": "Закрыть",
    "TRACKER_CONNECTED": "Подключен внешний трекер",
    "SHARE_ACTIVITY": "Поделиться результатом",
    "BLE_CONNECT": "Подключиться к устройству",
    "FIRERUNNER_PROFILE": "Профиль FireRunner",
    "LETS_GO": "Побежали!",
    "GENERAL_STATS": "Ваш день",
    "ACTIVITY_STATS": "Спорт",
    "YOUR_TIMELINE": "Лента",
    "COMMENTS": "Комментарии",
    "ENTER_COMMENT": "Текст комментария",
    "POST_COMMENT": "Опубликовать",
    "L_YOU": "Вы",
    "MY_EVENTS": "Мои события",
    "NO_EVENTS": "Вы еще не создали никаких событий.",
    "CREATE_EVENT": "Создать событие",
    "EDIT_EVENT": "Редактировать событие",
    "EVENT_TITLE": "Заголовок события",
    "EVENT_TITLE_DETAIL": "Придумайте заголовок для своего события",
    "EVENT_DESCRIPTION": "Описание события",
    "EVENT_DESCRIPTION_DETAIL": "Подробно опишите свое событие",
    "EVENT_DATE": "Дата и время",
    "EVENT_DATE_DETAIL": "Когда будет происходить событие?",
    "EVENT_PLACE": "Место",
    "EVENT_PLACE_DETAIL": "Название места, где будет происходить событие",
    "EVENT_ADDRESS": "Адрес",
    "EVENT_ADDRES_DETAIL": "Точный адрес места (если возможно)",
    "EVENT_ACTIVITY_TYPE": "Активность",
    "EVENT_ACTIVITY_TYPE_DETAIL": "Тип активности в рамках события",    
    "EVENT_COMPLEXITY": "Сложность",
    "EVENT_COMPLEXITY_DETAIL": "Опишите сложность события, например - Забег на 10 км.",
    "EVENT_FORM_INVALID": "Форма заполнена некорректно. Пожалуйста, заполните форму и исправьте ошибки.",
    "EVENT_CONFIRM_DELETE": "Удалить события и связанную с ним информацию?\nЭто действие нельзя отменить.",
    "EVENT_JOIN": "Присоединиться",
    "EVENT_REJECT": "Отказаться",
    "EVENT_PARTICIPANTS": "Участники",
    "EVENT_PARTICIPANT": "Участник",
    "STATS_STEPS_DETAIL": "Дневная статистика шагов",
    "PARTICIPANT_LIST_EMPTY": "Еще никто не подтвердил участие в событии и не принял ваше приглашение.",
    "PARTICIPANTS_INVITE": "Пригласить друзей",
    "PARTICIPANT_INVITE": "Пригласить",
    "PARTICIPANTS_NO_FRIENDS": "Вы не подключили ни одного друга к своей учетной записи FireRunner.",
    "MY_ACTIVITIES" : "Мои активности",
    "LEADERBOARD": "Лидеры",
    "SETTINGS_TRACKING": "Отслеживающее устройство",
    "SETTINGS_TRACKING_DETAIL": "Выберите с помощью какого устройства приложении будет отслеживать шаги.",
    "SETTINGS_TRACKING_PHONE": "Телефон",
    "SETTINGS_TRACKING_DEVICE": "Внешний трекер",
    "RESET_CONFIRM": "Это приведет к потере всех данных, которые не синхронизированы с сервером и не может быть отменено.\n Продолжить?",
    "TOOLS": "Инструменты",
    "SYNC_TRACKER": "Импорт статистики трекера",
    "LEADERBOARD_TYPE": "Тип лидерства",
    "LEADERBOARD_TYPE_DISTANCE": "Расстояние",
    "LEADERBOARD_TYPE_STEPS": "Шаги",
    "LEADERBOARD_EMPTY": "Таблица лидеров пуста.",
    "SYNC_TRACKER": "Импорт данных шагомера",
    "LEADERBOARD_TYPE": "Leaderboard type",
    "LEADERBOARD_TYPE_DISTANCE": "Расстояние",
    "LEADERBOARD_TYPE_STEPS": "Шаги",
    "LEADERBOARD_EMPTY": "Ваша таблица лидеров пуста.",
    "SYNC_PEDOMETER": "Импортировать данные шагомера",
    "TIME_SPLIT": "Разбивка",
    "IMPORT_CONNECT_EXTERNAL_APPS": "Внешние приложения",
    "IMPORT_NO_ACTIVITIES":  "Не найдены активности для импорта.",
    "IMPORT_FROM_RUNKEEPER": "Импорт из RunKeeper",
    "IMPORT_FROM_MAPMYRUN": "Импорт из MapMyRun",
    "ACTIVITY_TITLE": "Активность",
    "MUSIC_FOLDER_ARTISTS": "Исполнители",
    "MUSIC_FOLDER_ALBUMS": "Альбомы",
    "MUSIC_FOLDER_INTERNET_RADIO": "Internet Radio",
    "MUSIC_FOLDER_PLAYLISTS": "Списки воспроизведения",
    "MUSIC_FOLDER_FOLDERS": "Папки",
    "SEE_MORE": "Ещё",
    "LEADERBOARD_WEEKLY_TYPE": "Недельная таблица лидерства",
    "L_WEEK": "Неделя",
    "SOFTWARE_LICENSING_INFO":  "Информация о лицензиях"
}
