﻿{
	"BTN_START": "Почати",
	"BTN_PAUSE": "Пауза",
	"BTN_RESET": "Скинути",
	"BTN_CONTINUE": "Продовжити",
	"BTN_SAVE": "Зберегти",
	"BTN_DELETE": "Видалити",
	"BTN_CANCEL": "Відмінити",
	"L_CONFIRM_DELETE_ACTIVITY": "Справді видалити цю активність?",
	"L_KMH": "км/год",
	"L_MIH": "миль/год",
	"L_M": "м.",
	"L_METERS": "метрів",
	"L_KM": "км.",
	"L_KILOMETERS": "кілометрів",
	"L_MI" : "миль",
	"L_YD" : "ярдів",
	"L_MILES" : "миль",
	"L_YARDS" : "ярдів",
	"L_MIN_KM" : "хв/км",
	"L_MIN_MI" : "хв/миля",
	"SETTINGS_TITLE" : "Налаштування",
	"AUDIO_CUES_TITLE" : "Голосові мітки",
	"AUDIO_CUES_DETAIL" : "Відтворювати голосові мітки після досягнення певної відстані. Потребує активного інтернет з'єднання (оператор може застосувати додаткову плвту).",
	"AUDIO_CUES_NEVER" : "Ніколи",
	"AUDIO_CUES_100M" : "Кожні 100 м. / ярдів",
	"AUDIO_CUES_1KM" : "Кожні 1 км. / милю",
	"AUDIO_CUES_5KM" : "Кожні 5 км. / миль",
	"AUDIO_CUES_10KM" : "Кожні 10 км. / миль",
	"LANG_TITLE" : "Мова",
	"LANG_DETAIL" : "Змінити мову інтерфейсу",
	"LANG_EN" : "Англійська",
	"LANG_DE" : "Німецька",
	"LANG_GR" : "Грецька",
	"LANG_HU" : "Угорська",
	"LANG_PL" : "Польська",
	"LANG_PT" : "Португальська",
	"LANG_RU" : "Російська",
	"LANG_UK" : "Українська",
    "LANG_BN" : "Бенгальська",
    "LANG_ES" : "Іспанська",
	"MENU_HOME": "Головна",
	"MENU_ACTIVITIES": "Активності",
	"MENU_PROFILE": "Профіль",
	"MENU_MUSIC": "Музика",
	"MENU_SETTINGS": "Налаштування",
	"DATA_NO_ACTIVITIES": "Ви не маєте збережених активностей.",
	"DATA_TITLE": "Активності",
	"MUSIC_NOT_SUPPORTED": "Цей пристрій не підтримує функції музичної бібліотеки.",
	"DEMO_MODE" :  "Режим демонстрації",
	"DEMO_MODE_DETAIL": "Вмикає симуляцію активності",
	"L_NO" : "Ні",
	"L_YES" : "Так",
	"L_SEARCHING_LOCATION" : "Визначаю ваше положення за допомогою GPS...",
	"L_LOCATION_ERROR" : "Неможливо визначити ваше положення. Будь ласка, переконайтеся, що на вашому пристрої ввімкнено функції GPS.",
	"L_RETRY" : "Ще раз",
	"L_PROFILE_TITLE" : "Профіль",
	"L_PROFILE_NOT_CONNECTED" : "Не маєте облікового запису?",
	"L_CONNECT" : "Підключити",
	"L_DISCONNECT" : "Відключити",
	"L_SYNC" : "Синхронізувати",
	"RESET" : "Скинути",
	"RESET_DETAIL": "Повернути до початкових значень",
	"L_UNITS_TITLE": "Одиниці виміру",
	"L_UNITS_DETAILS": "Виберіть метричні (км.) чи американські (милі) одиниці виміру.",
	"L_UNITS_METRIC": "Метричні",
	"L_UNITS_US": "Американські",
	"L_SPEED_MODE": "Режим швидкості",
	"L_SPEED_MODE_DETAILS": "Виберіть між швидкістю (км./год, миль/год) або темпом (хв./км., хв./миля)",
	"L_SPEED": "Швидкість",
	"L_PACE": "Темп",
	"L_DOWNLOAD_CONTENT" : "Завантажувати додатковий контент",
	"L_DOWNLOAD_CONTENT_DETAILS" : "Завантажувати контент (наприклад списки відтворення) автоматично. Потребує активного інтернет з'єднання (оператор може застосувати додаткову плвту).",
	"L_EMAIL": "Email",
	"L_PASSWORD": "Пароль",
	"L_CREATE_PROFILE": "Створити профіль",
	"L_FACEBOOK_CONNECT" : "Підключитися через Facebook",
	"L_FORGOT_PASSWORD" : "Забули пароль?",
	"L_LOGIN_ERROR" : "Комбінація адреси електронної пошти та пароля не знайдена. Перевірте введені дані и спробуйте ще раз.",
	"L_CONFIRM_PASSWORD" : "Підтвердження пароля",
	"L_NAME" : "Ваше ім'я",
	"L_SIGNUP_ERROR" : "Під час реєстрації сталася помилка:",
	"L_SEND_PASSWORD" : "Вислати пароль",
	"L_PASSWORD_SENT" : "Пароль відправлено на вказану адресу електронної пошти. Будь-ласка, перевірте папку Вхідні протягом 5 хвилин.",
	"L_PASSWORD_ERROR" : "Під час відправки пароля сталася помилка: ",
	"L_INVALID_TICKET": "Помилка перевірки через Firefox Marketplace. Роботу програми буде завершено. Спробуйте встановити програму ще раз за допомогою Marketplace.",
	"L_NEWS": "Новини",
	"L_NEWS_KEYWORD": "sports",
	"L_NEWS_BACK" : "До списку новин",
	"L_NEWS_ARTICLE" : "Читати статтю",
	"GPS_ACCURACY" : "Minimum GPS accuracy",
	"GPS_ACCURACY_DETAIL" : "Minimum allowed GPS accuracy.",
	"GPS_150M" : "150 m / yd",
	"GPS_500M" : "500 m / yd",
	"GPS_1000M" : "1 km / mi",
	"GPS_UM" : "Not limited"
 }